year,round,pick,player
1980,1,1,Carroll
1980,1,2,Griffith
1980,1,3,McHale
1980,1,4,Ransey
1980,1,5,Ray
1980,1,6,O'Koren
1980,1,7,Gminski
1980,1,8,Toney
1980,1,9,Brooks
1980,1,10,Lester
1980,1,11,Vandeweghe
1980,1,12,Woodson
1980,1,13,Brown
1980,1,14,Matthews
1980,1,15,Johnson
1980,1,16,Whitney
1980,1,17,Drew
1980,1,18,Collins
1980,1,19,Duren
1980,1,20,Hanzlik
1980,1,21,Davis
1980,1,22,Kinch
1980,1,23,Nicks
1980,2,24,Smith
1980,2,25,Ruland
1980,2,26,Worthen
1980,2,27,Stroud
1980,2,28,Shelton
1980,2,29,Orr
1980,2,30,Natt
1980,2,31,Robinson
1980,2,32,Lawrence
1980,2,33,Collins
1980,2,34,Bouie
1980,2,35,Mahorn
1980,2,36,Scales
1980,2,37,Carter
1980,2,38,Stotts
1980,2,39,Wiley
1980,2,40,Miller
1980,2,41,Oldham
1980,2,42,Belton
1980,2,43,Williams
1980,2,44,Austin
1980,2,45,Branson
1980,2,46,Hallman
1981,1,1,Aguirre
1981,1,2,Thomas
1981,1,3,Williams
1981,1,4,Wood
1981,1,5,Vranes
1981,1,6,Woolridge
1981,1,7,Johnson
1981,1,8,Chambers
1981,1,9,Blackman
1981,1,10,King
1981,1,11,Johnson
1981,1,12,Tripucka
1981,1,13,Schayes
1981,1,14,Williams
1981,1,15,Lamp
1981,1,16,Valentine
1981,1,17,Loder
1981,1,18,Tolbert
1981,1,19,McGee
1981,1,20,Nance
1981,1,21,Lister
1981,1,22,Edwards
1981,1,23,Bradley
1981,2,24,Vincent
1981,2,25,Jackson
1981,2,26,Jackson
1981,2,27,Wood
1981,2,28,Banks
1981,2,29,Johnson
1981,2,30,Rains
1981,2,31,Ainge
1981,2,32,Olliver
1981,2,33,Williams
1981,2,34,Green
1981,2,35,Davis
1981,2,36,Blume
1981,2,37,Leslie
1981,2,38,Bradshaw
1981,2,39,Knuckles
1981,2,40,Cook
1981,2,41,Gregory
1981,2,42,Rolle
1981,2,43,Turner
1981,2,44,Lingenfelter
1981,2,45,Turner
1981,2,46,Smith
1982,1,1,Worthy
1982,1,2,Cummings
1982,1,3,Wilkins
1982,1,4,Garnett
1982,1,5,Thompson
1982,1,6,Tucker
1982,1,7,Dailey
1982,1,8,Clark
1982,1,9,Levingston
1982,1,10,Edmonson
1982,1,11,Fat
1982,1,12,Bagley
1982,1,13,Floyd
1982,1,14,Conner
1982,1,15,Thirdkill
1982,1,16,Teagle
1982,1,17,Steppe
1982,1,18,Pierce
1982,1,19,Williams
1982,1,20,Pressey
1982,1,21,Phillips
1982,1,22,McNamara
1982,1,23,Tillis
1982,2,24,Robinson
1982,2,25,Warrick
1982,2,26,Frazier
1982,2,27,Roberts
1982,2,28,Magley
1982,2,29,Hastings
1982,2,30,Bryant
1982,2,31,Higgins
1982,2,32,Anderson
1982,2,33,Townes
1982,2,34,Taylor
1982,2,35,Smith
1982,2,36,Anderson
1982,2,37,Norris
1982,2,38,Wayne
1982,2,39,Magee
1982,2,40,Morgan
1982,2,41,Anderson
1982,2,42,Taylor
1982,2,43,Slaughter
1982,2,44,Gibson
1982,2,45,Schoene
1982,2,46,Guy
1983,1,1,Sampson
1983,1,2,Stipanovich
1983,1,3,McCray
1983,1,4,Scott
1983,1,5,Green
1983,1,6,Cross
1983,1,7,Bailey
1983,1,8,Carr
1983,1,9,Ellis
1983,1,10,Malone
1983,1,11,Harper
1983,1,12,Walker
1983,1,13,Whatley
1983,1,14,Drexler
1983,1,15,Carter
1983,1,16,Sundvold
1983,1,17,Rautins
1983,1,18,Breuer
1983,1,19,Paxson
1983,1,20,Hinson
1983,1,21,Kite
1983,1,22,Wittman
1983,1,23,Wiggins
1983,1,24,Granger
1983,2,25,Lowe
1983,2,26,Combs
1983,2,27,Garris
1983,2,28,Foster
1983,2,29,Micheaux
1983,2,30,West
1983,2,31,Rivers
1983,2,32,Britt
1983,2,33,Minniefield
1983,2,34,Williams
1983,2,35,Lockhart
1983,2,36,McCray
1983,2,37,Russell
1983,2,38,McNealy
1983,2,39,Waiters
1983,2,40,Thomas
1983,2,41,Kitchel
1983,2,42,Davis
1983,2,43,Mannion
1983,2,44,Owens
1983,2,45,Williams
1983,2,46,Williams
1983,2,47,Lyons
1984,1,1,Olajuwon
1984,1,2,Bowie
1984,1,3,Jordan
1984,1,4,Perkins
1984,1,5,Barkley
1984,1,6,Turpin
1984,1,7,Robertson
1984,1,8,Gordon
1984,1,9,Thorpe
1984,1,10,Wood
1984,1,11,Willis
1984,1,12,McCormick
1984,1,13,Humphries
1984,1,14,Cage
1984,1,15,Stansbury
1984,1,16,Stockton
1984,1,17,Turner
1984,1,18,Fleming
1984,1,19,Thompson
1984,1,20,Campbell
1984,1,21,Fields
1984,1,22,Sewell
1984,1,23,Jones
1984,1,24,Young
1984,2,25,Durrant
1984,2,26,Fleming
1984,2,27,Anderson
1984,2,28,Blackwell
1984,2,29,Gray
1984,2,30,Burtt
1984,2,31,Murphy
1984,2,32,Turner
1984,2,33,Colter
1984,2,34,Costner
1984,2,35,Wilson
1984,2,36,Jones
1984,2,37,Coleman
1984,2,38,Sitton
1984,2,39,Young
1984,2,40,Teachey
1984,2,41,Sluby
1984,2,42,White
1984,2,43,Wiltjer
1984,2,44,Reynolds
1984,2,45,Plummer
1984,2,46,Kersey
1984,2,47,Williams
1985,1,1,Ewing
1985,1,2,Tisdale
1985,1,3,Benjamin
1985,1,4,McDaniel
1985,1,5,Koncak
1985,1,6,Kleine
1985,1,7,Mullin
1985,1,8,Schrempf
1985,1,9,Oakley
1985,1,10,Pinckney
1985,1,11,Lee
1985,1,12,Green
1985,1,13,Malone
1985,1,14,Hughes
1985,1,15,Rasmussen
1985,1,16,Wennington
1985,1,17,Blab
1985,1,18,Dumars
1985,1,19,Harris
1985,1,20,Vincent
1985,1,21,Catledge
1985,1,22,Reynolds
1985,1,23,Green
1985,1,24,Porter
1985,2,25,Smrek
1985,2,26,Martin
1985,2,27,McClain
1985,2,28,Johnson
1985,2,29,Brittain
1985,2,30,Duncan
1985,2,31,Bol
1985,2,32,Vanos
1985,2,33,Stokes
1985,2,34,Sherrod
1985,2,35,Corbin
1985,2,36,Joseph
1985,2,37,Scurry
1985,2,38,Martín
1985,2,39,Montgomery
1985,2,40,Acres
1985,2,41,Charles
1985,2,42,Hurt
1985,2,43,Stevens
1985,2,44,Winters
1985,2,45,Williams
1985,2,46,Branch
1985,2,47,Wilkins
1986,1,1,Daugherty
1986,1,2,Bias
1986,1,3,Washburn
1986,1,4,Person
1986,1,5,Walker
1986,1,6,Bedford
1986,1,7,Tarpley
1986,1,8,Harper
1986,1,9,Sellers
1986,1,10,Dawkins
1986,1,11,Salley
1986,1,12,Williams
1986,1,13,Washington
1986,1,14,Berry
1986,1,15,Curry
1986,1,16,Martin
1986,1,17,Pressley
1986,1,18,Alarie
1986,1,19,Thompson
1986,1,20,Johnson
1986,1,21,Jones
1986,1,22,Skiles
1986,1,23,Barlow
1986,1,24,Sabonis
1986,2,25,Price
1986,2,26,Dreiling
1986,2,27,Rodman
1986,2,28,Krystkowiak
1986,2,29,Newman
1986,2,30,McMillan
1986,2,31,Ward
1986,2,32,Henderson
1986,2,33,Duckworth
1986,2,34,Rogers
1986,2,35,Wagner
1986,2,36,Mitchell
1986,2,37,Fasoulas
1986,2,38,Lampley
1986,2,39,Addison
1986,2,40,Binelli
1986,2,41,Smith
1986,2,42,Kellogg
1986,2,43,Feitl
1986,2,44,Wingate
1986,2,45,Smith
1986,2,46,Hornacek
1986,2,47,Jackson
1987,1,1,Robinson
1987,1,2,Gilliam
1987,1,3,Hopson
1987,1,4,Williams
1987,1,5,Pippen
1987,1,6,Kenny
1987,1,7,Kevin
1987,1,8,Polynice
1987,1,9,McKey
1987,1,10,Horace
1987,1,11,Reggie
1987,1,12,Bogues
1987,1,13,Wolf
1987,1,14,Frank
1987,1,15,Ortiz
1987,1,16,Welp
1987,1,17,Murphy
1987,1,18,Jackson
1987,1,19,Norman
1987,1,20,Farmer
1987,1,21,Comegys
1987,1,22,Lewis
1987,1,23,Anderson
1987,2,24,Banks
1987,2,25,Moore
1987,2,26,Alford
1987,2,27,Blackwell
1987,2,28,Winslow
1987,2,29,Fonville
1987,2,30,Wilson
1987,2,31,Moore
1987,2,32,McCann
1987,2,33,White
1987,2,34,Rowsom
1987,2,35,Lee
1987,2,36,Washington
1987,2,37,Dowell
1987,2,38,Coleman
1987,2,39,Askew
1987,2,40,Garland
1987,2,41,Johnson
1987,2,42,Bailey
1987,2,43,Kennedy
1987,2,44,Coner
1987,2,45,Lohaus
1987,2,46,Dalrymple
1988,1,1,Manning
1988,1,2,Smits
1988,1,3,Smith
1988,1,4,Morris
1988,1,5,Richmond
1988,1,6,Hawkins
1988,1,7,Perry
1988,1,8,Chapman
1988,1,9,Seikaly
1988,1,10,Anderson
1988,1,11,Perdue
1988,1,12,Grant
1988,1,13,Grayer
1988,1,14,Majerle
1988,1,15,Grant
1988,1,16,Chievous
1988,1,17,Leckner
1988,1,18,Berry
1988,1,19,Strickland
1988,1,20,Edwards
1988,1,21,Bryant
1988,1,22,Keys
1988,1,23,Lane
1988,1,24,Shaw
1988,1,25,Rivers
1988,2,26,Ferreira
1988,2,27,Jones
1988,2,28,Lang
1988,2,29,Del
1988,2,30,Dembo
1988,2,31,Stephens
1988,2,32,Shackleford
1988,2,33,Long
1988,2,34,Tolbert
1988,2,35,Gray
1988,2,36,Eackles
1988,2,37,Butler
1988,2,38,Garrett
1988,2,39,Horford
1988,2,40,Graham
1988,2,41,Smart
1988,2,42,Moe
1988,2,43,Mitchell
1988,2,44,Taylor
1988,2,45,Garrick
1988,2,46,Wiley
1988,2,47,Maxwell
1988,2,48,Williams
1988,2,49,Vargas
1988,2,50,Kerr
1989,1,1,Pervis
1989,1,2,Danny
1989,1,3,Sean
1989,1,4,Glen
1989,1,5,J.
1989,1,6,Stacey
1989,1,7,George
1989,1,8,Randy
1989,1,9,Tom
1989,1,10,Pooh
1989,1,11,Nick
1989,1,12,Mookie
1989,1,13,Michael
1989,1,14,Tim
1989,1,15,Todd
1989,1,16,Dana
1989,1,17,Shawn
1989,1,18,B.
1989,1,19,Kenny
1989,1,20,Jeff
1989,1,21,Blue
1989,1,22,Byron
1989,1,23,Roy
1989,1,24,Anthony
1989,1,25,John
1989,1,26,Vlade
1989,1,27,Kenny
1989,2,28,Sherman
1989,2,29,Dyron
1989,2,30,Frank
1989,2,31,Jeff
1989,2,32,Stanley
1989,2,33,Jay
1989,2,34,Gary
1989,2,35,Pat
1989,2,36,Cliff
1989,2,37,Michael
1989,2,38,Doug
1989,2,39,Ed
1989,2,40,Dino
1989,2,41,Doug
1989,2,42,Michael
1989,2,43,Chucky
1989,2,44,Reggie
1989,2,45,Scott
1989,2,46,Ricky
1989,2,47,Reggie
1989,2,48,Junie
1989,2,49,Haywoode
1989,2,50,Brian
1989,2,51,Mike
1989,2,52,Greg
1989,2,53,Jeff
1989,2,54,Toney
1990,1,1,Derrick
1990,1,2,Gary
1990,1,3,Chris
1990,1,4,Dennis
1990,1,5,Kendall
1990,1,6,Felton
1990,1,7,Lionel
1990,1,8,Bo
1990,1,9,Willie
1990,1,10,Rumeal
1990,1,11,Tyrone
1990,1,12,Alec
1990,1,13,Loy
1990,1,14,Travis
1990,1,15,Dave
1990,1,16,Terry
1990,1,17,Jerrod
1990,1,18,Duane
1990,1,19,Dee
1990,1,20,Gerald
1990,1,21,Jayson
1990,1,22,Tate
1990,1,23,Anthony
1990,1,24,Dwayne
1990,1,25,Alaa
1990,1,26,Lance
1990,1,27,Elden
1990,2,28,Les
1990,2,29,Toni
1990,2,30,Carl
1990,2,31,Negele
1990,2,32,Brian
1990,2,33,Walter
1990,2,34,Kevin
1990,2,35,Greg
1990,2,36,Trevor
1990,2,37,A.J.
1990,2,38,Jud
1990,2,39,Steve
1990,2,40,Bimbo
1990,2,41,Steve
1990,2,42,Marcus
1990,2,43,Tony
1990,2,44,Steve
1990,2,45,Antonio
1990,2,46,Kenny
1990,2,47,Derek
1990,2,48,Cedric
1990,2,49,Phil
1990,2,50,Milo_
1990,2,51,Tony
1990,2,52,Stefano
1990,2,53,Abdul
1990,2,54,Sean
1991,1,1,Johnson
1991,1,2,Anderson
1991,1,3,Owens
1991,1,4,Mutombo
1991,1,5,Smith
1991,1,6,Smith
1991,1,7,Longley
1991,1,8,Macon
1991,1,9,Stacey
1991,1,10,Williams
1991,1,11,Brandon
1991,1,12,Anthony
1991,1,13,Davis
1991,1,14,King
1991,1,15,Avent
1991,1,16,Gatling
1991,1,17,Alexander
1991,1,18,Brooks
1991,1,19,Smith
1991,1,20,Turner
1991,1,21,Murdock
1991,1,22,Ellis
1991,1,23,Roberts
1991,1,24,Fox
1991,1,25,Vandiver
1991,1,26,Randall
1991,1,27,Chilcutt
1991,2,28,Lynch
1991,2,29,Ackles
1991,2,30,Monroe
1991,2,31,Brown
1991,2,32,Gallagher
1991,2,33,Hodge
1991,2,34,Brown
1991,2,35,Iuzzolino
1991,2,36,Corchiani
1991,2,37,Perry
1991,2,38,Wylie
1991,2,39,Oliver
1991,2,40,Overton
1991,2,41,Green
1991,2,42,Hood
1991,2,43,Strothers
1991,2,44,Teherán
1991,2,45,Phills
1991,2,46,Dumas
1991,2,47,Hughes
1991,2,48,Austin
1991,2,49,Sutton
1991,2,50,Wright
1991,2,51,Tabak
1991,2,52,Jones
1991,2,53,McDade
1991,2,54,Kennedy
1992,1,1,Shaquille
1992,1,2,Alonzo
1992,1,3,Christian
1992,1,4,Jimmy
1992,1,5,LaPhonso
1992,1,6,Tom
1992,1,7,Walt
1992,1,8,Todd
1992,1,9,Clarence
1992,1,10,Adam
1992,1,11,Robert
1992,1,12,Harold
1992,1,13,Bryant
1992,1,14,Malik
1992,1,15,Anthony
1992,1,16,Randy
1992,1,17,Doug
1992,1,18,Tracy
1992,1,19,Don
1992,1,20,Hubert
1992,1,21,Jon
1992,1,22,Oliver
1992,1,23,Lee
1992,1,24,Latrell
1992,1,25,Elmore
1992,1,26,Dave
1992,1,27,Byron
1992,2,28,Marlon
1992,2,29,P.
1992,2,30,Sean
1992,2,31,Reggie
1992,2,32,Brent
1992,2,33,Corey
1992,2,34,Chris
1992,2,35,Tony
1992,2,36,Duane
1992,2,37,Isaiah
1992,2,38,Elmer
1992,2,39,Litterial
1992,2,40,Steve
1992,2,41,Popeye
1992,2,42,Matt
1992,2,43,Predrag
1992,2,44,Henry
1992,2,45,Chris
1992,2,46,Robert
1992,2,47,Darren
1992,2,48,Brian
1992,2,49,Ron
1992,2,50,Matt
1992,2,51,Tim
1992,2,52,Matt
1992,2,53,Curtis
1992,2,54,Brett
1993,1,1,Webber
1993,1,2,Bradley
1993,1,3,Hardaway
1993,1,4,Mashburn
1993,1,5,Rider
1993,1,6,Cheaney
1993,1,7,Hurley
1993,1,8,Baker
1993,1,9,Rogers
1993,1,10,Hunter
1993,1,11,Houston
1993,1,12,Lynch
1993,1,13,Dehere
1993,1,14,Haskin
1993,1,15,Edwards
1993,1,16,Walters
1993,1,17,Graham
1993,1,18,Wright
1993,1,19,Earl
1993,1,20,Burrell
1993,1,21,Robinson
1993,1,22,Mills
1993,1,23,Johnson
1993,1,24,Cassell
1993,1,25,Blount
1993,1,26,Hammink
1993,1,27,Mackey
1993,2,28,Harris
1993,2,29,Mills
1993,2,30,Mure_an
1993,2,31,Burns
1993,2,32,Ford
1993,2,33,Riley
1993,2,34,Mee
1993,2,35,Stokes
1993,2,36,Best
1993,2,37,Van
1993,2,38,McRae
1993,2,39,Hill
1993,2,40,Manning
1993,2,41,Reed
1993,2,42,Jordan
1993,2,43,Grant
1993,2,44,Holcombe
1993,2,45,Russell
1993,2,46,Petru_ka
1993,2,47,Whitney
1993,2,48,Thompson
1993,2,49,Buford
1993,2,50,Nicola
1993,2,51,Dunkley
1993,2,52,Peplowski
1993,2,53,White
1993,2,54,Wilson
1994,1,1,Robinson
1994,1,2,Kidd
1994,1,3,Hill
1994,1,4,Marshall
1994,1,5,Howard
1994,1,6,Wright
1994,1,7,Murray
1994,1,8,Grant
1994,1,9,Montross
1994,1,10,Jones
1994,1,11,Rogers
1994,1,12,Reeves
1994,1,13,Rose
1994,1,14,Dare
1994,1,15,Piatkowski
1994,1,16,Rozier
1994,1,17,McKie
1994,1,18,Mobley
1994,1,19,Dumas
1994,1,20,Tyler
1994,1,21,Simpkins
1994,1,22,Curley
1994,1,23,Person
1994,1,24,Williams
1994,1,25,Minor
1994,1,26,Ward
1994,1,27,Thompson
1994,2,28,Thomas
1994,2,29,Lang
1994,2,30,Eisley
1994,2,31,Dent
1994,2,32,McIlvaine
1994,2,33,Alston
1994,2,34,Nickerson
1994,2,35,Smith
1994,2,36,Fetisov
1994,2,37,Wingfield
1994,2,38,Hancock
1994,2,39,Miller
1994,2,40,Webster
1994,2,41,Njoku
1994,2,42,Collier
1994,2,43,Scott
1994,2,44,Bailey
1994,2,45,Morton
1994,2,46,Lenard
1994,2,47,Watson
1994,2,48,Crudup
1994,2,49,Bruton
1994,2,50,Claxton
1994,2,51,Funderburke
1994,2,52,Goldwire
1994,2,53,Burditt
1994,2,54,Rebra_a
1995,1,1,Smith
1995,1,2,McDyess
1995,1,3,Stackhouse
1995,1,4,Wallace
1995,1,5,Garnett
1995,1,6,Reeves
1995,1,7,Stoudamire
1995,1,8,Respert
1995,1,9,O'Bannon
1995,1,10,Thomas
1995,1,11,Trent
1995,1,12,Parks
1995,1,13,Williamson
1995,1,14,Williams
1995,1,15,Barry
1995,1,16,Henderson
1995,1,17,Sura
1995,1,18,Ratliff
1995,1,19,Childress
1995,1,20,Caffey
1995,1,21,Finley
1995,1,22,Zidek
1995,1,23,Best
1995,1,24,Meyer
1995,1,25,Vaughn
1995,1,26,Ford
1995,1,27,Bennett
1995,1,28,Ostertag
1995,1,29,Alexander
1995,2,30,Roe
1995,2,31,Tarla_
1995,2,32,Rencher
1995,2,33,Burrough
1995,2,34,DeClercq
1995,2,35,King
1995,2,36,Moten
1995,2,37,King
1995,2,38,Griffith
1995,2,39,Marshall
1995,2,40,Whitfield
1995,2,41,Meek
1995,2,42,Boyce
1995,2,43,Snow
1995,2,44,Pelle
1995,2,45,Brown
1995,2,46,Banks
1995,2,47,Edney
1995,2,48,Davis
1995,2,49,Allen
1995,2,50,Lewis
1995,2,51,Bodiroga
1995,2,52,Hoiberg
1995,2,53,Popa
1995,2,54,Zukauskas
1995,2,55,McDonald
1995,2,56,Carr
1995,2,57,Martin
1995,2,58,Reid
1996,1,1,Iverson
1996,1,2,Camby
1996,1,3,Abdur-Rahim
1996,1,4,Marbury
1996,1,5,Allen
1996,1,6,Walker
1996,1,7,Wright
1996,1,8,Kittles
1996,1,9,Walker
1996,1,10,Dampier
1996,1,11,Fuller
1996,1,12,Potapenko
1996,1,13,Bryant
1996,1,14,Stojakovi_
1996,1,15,Nash
1996,1,16,Delk
1996,1,17,O'Neal
1996,1,18,Wallace
1996,1,19,McCarty
1996,1,20,Ilgauskas
1996,1,21,Jones
1996,1,22,Rogers
1996,1,23,Rentzias
1996,1,24,Fisher
1996,1,25,Müürsepp
1996,1,26,Williams
1996,1,27,Evans
1996,1,28,Lauderdale
1996,1,29,Knight
1996,2,30,Harrington
1996,2,31,Hendrickson
1996,2,32,Minor
1996,2,33,Norris
1996,2,34,Harvey
1996,2,35,Blair
1996,2,36,Sheffer
1996,2,37,McInnis
1996,2,38,Hamer
1996,2,39,Millard
1996,2,40,Mann
1996,2,41,Sasser
1996,2,42,Livingston
1996,2,43,Davis
1996,2,44,Rose
1996,2,45,Vogel
1996,2,46,Brown
1996,2,47,Riley
1996,2,48,Feick
1996,2,49,McCaskill
1996,2,50,Bell
1996,2,51,Robinson
1996,2,52,Pope
1996,2,53,Nordgaard
1996,2,54,Anderson
1996,2,55,Henderson
1996,2,56,Geary
1996,2,57,Barry
1996,2,58,Robinson
1997,1,1,Tim
1997,1,2,Van
1997,1,3,Billups
1997,1,4,Daniels
1997,1,5,Battie
1997,1,6,Mercer
1997,1,7,Thomas
1997,1,8,Foyle
1997,1,9,McGrady
1997,1,10,Fortson
1997,1,11,Abdul-Wahad
1997,1,12,Croshere
1997,1,13,Anderson
1997,1,14,Taylor
1997,1,15,Cato
1997,1,16,Knight
1997,1,17,Taylor
1997,1,18,Anstey
1997,1,19,Pollard
1997,1,20,Grant
1997,1,21,Parker
1997,1,22,Gray
1997,1,23,Jackson
1997,1,24,Rhodes
1997,1,25,Thomas
1997,1,26,Smith
1997,1,27,Vaughn
1997,1,28,Booth
1997,2,29,Zwikker
1997,2,30,Sanford
1997,2,31,O'Bannon
1997,2,32,Cotton
1997,2,33,Mili_
1997,2,34,Wells
1997,2,35,Stewart
1997,2,36,Collins
1997,2,37,Jackson
1997,2,38,Honeycutt
1997,2,39,Johnson
1997,2,40,Elisma
1997,2,41,Lawson
1997,2,42,Jackson
1997,2,43,Malone
1997,2,44,Henderson
1997,2,45,Shammgod
1997,2,46,Washington
1997,2,47,Williams
1997,2,48,Drobnjak
1997,2,49,Digbeu
1997,2,50,Crawford
1997,2,51,Wheat
1997,2,52,Bruton
1997,2,53,Rogers
1997,2,54,Blount
1997,2,55,Pepper
1997,2,56,Erdmann
1997,2,57,Dueñas
1998,1,1,Olowokandi
1998,1,2,Bibby
1998,1,3,LaFrentz
1998,1,4,Jamison
1998,1,5,Carter
1998,1,6,Traylor
1998,1,7,Williams
1998,1,8,Hughes
1998,1,9,Nowitzki
1998,1,10,Pierce
1998,1,11,Wells
1998,1,12,Doleac
1998,1,13,Clark
1998,1,14,Dickerson
1998,1,15,Harpring
1998,1,16,Drew
1998,1,17,Nesterovi_
1998,1,18,Türkcan
1998,1,19,Garrity
1998,1,20,McLeod
1998,1,21,Davis
1998,1,22,Skinner
1998,1,23,Lue
1998,1,24,López
1998,1,25,Harrington
1998,1,26,Jacobson
1998,1,27,Stepania
1998,1,28,Benjamin
1998,1,29,Mohammed
1998,2,30,Sesay
1998,2,31,Patterson
1998,2,32,Lewis
1998,2,33,McCoy
1998,2,34,Williams
1998,2,35,_undov
1998,2,36,James
1998,2,37,Shaw
1998,2,38,Johnson
1998,2,39,Alston
1998,2,40,Young
1998,2,41,Mobley
1998,2,42,Simon
1998,2,43,White
1998,2,44,Marks
1998,2,45,Bailey
1998,2,46,Patterson
1998,2,47,Wheeler
1998,2,48,Stack
1998,2,49,Carr
1998,2,50,Betts
1998,2,51,Brewer
1998,2,52,Dial
1998,2,53,Buckner
1998,2,54,Fowlkes
1998,2,55,Bowen
1998,2,56,Henderson
1998,2,57,Braggs
1998,2,58,Baston
1999,1,1,Brand
1999,1,2,Francis
1999,1,3,Davis
1999,1,4,Odom
1999,1,5,Bender
1999,1,6,Szczerbiak
1999,1,7,Hamilton
1999,1,8,Miller
1999,1,9,Marion
1999,1,10,Terry
1999,1,11,Langdon
1999,1,12,Radojevi_
1999,1,13,Maggette
1999,1,14,Avery
1999,1,15,Weis
1999,1,16,Artest
1999,1,17,Bowdler
1999,1,18,Posey
1999,1,19,Lewis
1999,1,20,Glover
1999,1,21,Foster
1999,1,22,Thomas
1999,1,23,George
1999,1,24,Kirilenko
1999,1,25,James
1999,1,26,Cummings
1999,1,27,Jones
1999,1,28,Padgett
1999,1,29,Smith
1999,2,30,Celestand
1999,2,31,Hill
1999,2,32,Ruffin
1999,2,33,Herren
1999,2,34,Eschmeyer
1999,2,35,Booth
1999,2,36,Wang
1999,2,37,Ekezie
1999,2,38,Profit
1999,2,39,Bramlett
1999,2,40,Giri_ek
1999,2,41,Elson
1999,2,42,Bullock
1999,2,43,Nailon
1999,2,44,Washington
1999,2,45,Robertson
1999,2,46,Koch
1999,2,47,Macculloch
1999,2,48,Young
1999,2,49,Ketner
1999,2,50,Hamilton
1999,2,51,Smith
1999,2,52,Bergersen
1999,2,53,Buford
1999,2,54,Levett
1999,2,55,Clack
1999,2,56,Young
1999,2,57,Ginóbili
1999,2,58,Lucas
2000,1,1,Martin
2000,1,2,Swift
2000,1,3,Miles
2000,1,4,Fizer
2000,1,5,Miller
2000,1,6,Johnson
2000,1,7,Mihm
2000,1,8,Crawford
2000,1,9,Przybilla
2000,1,10,Dooling
2000,1,11,Moiso
2000,1,12,Thomas
2000,1,13,Alexander
2000,1,14,Cleaves
2000,1,15,Collier
2000,1,16,Turkoglu
2000,1,17,Mason
2000,1,18,Richardson
2000,1,19,Magloire
2000,1,20,Claxton
2000,1,21,Peterson
2000,1,22,Harvey
2000,1,23,Stevenson
2000,1,24,Bagari_
2000,1,25,Tsakalidis
2000,1,26,N'Diaye
2000,1,27,Brezec
2000,1,28,Barkley
2000,1,29,Madsen
2000,2,30,Jari_
2000,2,31,Langhi
2000,2,32,Guyton
2000,2,33,Voskuhl
2000,2,34,El-Amin
2000,2,35,Smith
2000,2,36,Samake
2000,2,37,House
2000,2,38,Nájera
2000,2,39,Postell
2000,2,40,Mottola
2000,2,41,Carrawell
2000,2,42,Oyedeji
2000,2,43,Redd
2000,2,44,Cardinal
2000,2,45,Smith
2000,2,46,Hulett
2000,2,47,Sesar
2000,2,48,Karcher
2000,2,49,Hart
2000,2,50,Dickens
2000,2,51,Rako_evi_
2000,2,52,Brown
2000,2,53,McClintock
2000,2,54,Hightower
2000,2,55,Porter
2000,2,56,Walls
2000,2,57,Penn
2000,2,58,Mickeal
2001,1,1,Brown
2001,1,2,Chandler
2001,1,3,Gasol
2001,1,4,Curry
2001,1,5,Richardson
2001,1,6,Battier
2001,1,7,Griffin
2001,1,8,Diop
2001,1,9,White
2001,1,10,Johnson
2001,1,11,Brown
2001,1,12,Radmanovi_
2001,1,13,Jefferson
2001,1,14,Murphy
2001,1,15,Hunter
2001,1,16,Haston
2001,1,17,Bradley
2001,1,18,Collins
2001,1,19,Randolph
2001,1,20,Haywood
2001,1,21,Forte
2001,1,22,Sasser
2001,1,23,Armstrong
2001,1,24,López
2001,1,25,Wallace
2001,1,26,Dalembert
2001,1,27,Tinsley
2001,1,28,Parker
2001,1,29,Forfeited
2001,2,30,Hassell
2001,2,31,Arenas
2001,2,32,Cook
2001,2,33,Solomon
2001,2,34,Morris
2001,2,35,Scalabrine
2001,2,36,Trepagnier
2001,2,37,Brown
2001,2,38,Okur
2001,2,39,Wright
2001,2,40,Watson
2001,2,41,Brewer
2001,2,42,Simmons
2001,2,43,Chenowith
2001,2,44,Hill
2001,2,45,Lampley
2001,2,46,Woods
2001,2,47,Cisse
2001,2,48,Fotsis
2001,2,49,Johnson
2001,2,50,Boumtje-Boumtje
2001,2,51,Ford
2001,2,52,Hutson
2001,2,53,Collins
2001,2,54,Satterfield
2001,2,55,Jeffers
2001,2,56,Javtokas
2001,2,57,Jones
2001,2,58,Bracey
2002,1,1,Ming
2002,1,2,Williams
2002,1,3,Dunleavy
2002,1,4,Gooden
2002,1,5,Tskitishvili
2002,1,6,Wagner
2002,1,7,
2002,1,8,Wilcox
2002,1,9,Stoudemire
2002,1,10,Butler
2002,1,11,Jeffries
2002,1,12,Ely
2002,1,13,Haislip
2002,1,14,Jones
2002,1,15,Nachbar
2002,1,16,Welsch
2002,1,17,Dixon
2002,1,18,Borchardt
2002,1,19,Humphrey
2002,1,20,Rush
2002,1,21,Woods
2002,1,22,Jacobsen
2002,1,23,Prince
2002,1,24,Krsti_
2002,1,25,Williams
2002,1,26,Salmons
2002,1,27,Jefferies
2002,1,28,Dickau
2002,1,29,Forfeited
2002,2,30,Logan
2002,2,31,Mason
2002,2,32,Archibald
2002,2,33,Yarbrough
2002,2,34,Gadzuric
2002,2,35,Boozer
2002,2,36,Vujani_
2002,2,37,Andersen
2002,2,38,Maddox
2002,2,39,Grizzard
2002,2,40,Navarro
2002,2,41,Kasun
2002,2,42,Murray
2002,2,43,Jennings
2002,2,44,Baxter
2002,2,45,Clancy
2002,2,46,Barnes
2002,2,47,Sampson
2002,2,48,Owens
2002,2,49,Fehse
2002,2,50,Songaila
2002,2,51,Kammerichs
2002,2,52,Taylor
2002,2,53,Butler
2002,2,54,Slay
2002,2,55,_ekularac
2002,2,56,Scola
2002,2,57,Holcomb
2002,2,58,Edwards
2003,1,1,
2003,1,2,Mili_i_
2003,1,3,Anthony
2003,1,4,Bosh
2003,1,5,Wade
2003,1,6,Kaman
2003,1,7,Hinrich
2003,1,8,Ford
2003,1,9,Sweetney
2003,1,10,Hayes
2003,1,11,Piétrus
2003,1,12,Collison
2003,1,13,Banks
2003,1,14,Ridnour
2003,1,15,Gaines
2003,1,16,Bell
2003,1,17,_abarkapa
2003,1,18,West
2003,1,19,Pavlovi_
2003,1,20,Jones
2003,1,21,Diaw
2003,1,22,Planini_
2003,1,23,Outlaw
2003,1,24,Cook
2003,1,25,Delfino
2003,1,26,Ebi
2003,1,27,Perkins
2003,1,28,Barbosa
2003,1,29,Howard
2003,2,30,Lampe
2003,2,31,Kapono
2003,2,32,Walton
2003,2,33,Beasley
2003,2,34,Schortsanitis
2003,2,35,Szewczyk
2003,2,36,Austin
2003,2,37,Hansen
2003,2,38,Blake
2003,2,39,Vrane_
2003,2,40,Zimmerman
2003,2,41,Green
2003,2,42,Pachulia
2003,2,43,Bogans
2003,2,44,Badiane
2003,2,45,Bonner
2003,2,46,Be_irovi_
2003,2,47,Williams
2003,2,48,Lang
2003,2,49,Jones
2003,2,50,Morlende
2003,2,51,Korver
2003,2,52,van
2003,2,53,Smith
2003,2,54,Sinanovi_
2003,2,55,Rickert
2003,2,56,Hunter
2003,2,57,Yuyang
2003,2,58,Glyniadakis
2004,1,1,Howard
2004,1,2,Okafor
2004,1,3,Gordon
2004,1,4,Livingston
2004,1,5,Harris
2004,1,6,Childress
2004,1,7,Deng
2004,1,8,Araújo
2004,1,9,Iguodala
2004,1,10,Jackson
2004,1,11,Biedri__
2004,1,12,Swift
2004,1,13,Telfair
2004,1,14,Humphries
2004,1,15,Jefferson
2004,1,16,Snyder
2004,1,17,Smith
2004,1,18,Smith
2004,1,19,Wright
2004,1,20,Nelson
2004,1,21,Podkolzin
2004,1,22,Khryapa
2004,1,23,Monia
2004,1,24,West
2004,1,25,Allen
2004,1,26,Martin
2004,1,27,Vuja_i_
2004,1,28,Udrih
2004,1,29,Harrison
2004,1,,Forfeited
2004,2,30,Varejão
2004,2,31,Vroman
2004,2,32,Ramos
2004,2,33,Chalmers
2004,2,34,Smith
2004,2,35,Emmett
2004,2,36,Burks
2004,2,37,Ivey
2004,2,38,Duhon
2004,2,39,Miralles
2004,2,40,Reed
2004,2,41,Young
2004,2,42,Sanikidze
2004,2,43,Ariza
2004,2,44,Pickett
2004,2,45,Robinson
2004,2,46,Seung-Jin
2004,2,47,Sow
2004,2,48,Minard
2004,2,49,Lishouk
2004,2,50,Spanoulis
2004,2,51,Drejer
2004,2,52,Sato
2004,2,53,Freije
2004,2,54,Paulding
2004,2,55,Flores
2004,2,56,Douthit
2004,2,57,Karaulov
2004,2,58,Stepp
2004,2,59,Wright
2005,1,1,Bogut
2005,1,2,Williams
2005,1,3,Williams
2005,1,4,Paul
2005,1,5,Felton
2005,1,6,Webster
2005,1,7,Villanueva
2005,1,8,Frye
2005,1,9,Diogu
2005,1,10,Bynum
2005,1,11,Vázquez
2005,1,12,Korolev
2005,1,13,May
2005,1,14,McCants
2005,1,15,Wright
2005,1,16,Graham
2005,1,17,Granger
2005,1,18,Green
2005,1,19,Warrick
2005,1,20,Hodge
2005,1,21,Robinson
2005,1,22,Jack
2005,1,23,García
2005,1,24,Head
2005,1,25,Petro
2005,1,26,Maxiell
2005,1,27,Kleiza
2005,1,28,Mahinmi
2005,1,29,Simien
2005,1,30,Lee
2005,2,31,Stoudamire
2005,2,32,Ewing
2005,2,33,Bass
2005,2,34,Miles
2005,2,35,Sánchez
2005,2,36,_lyasova
2005,2,37,Turiaf
2005,2,38,Diener
2005,2,39,Wafer
2005,2,40,Ellis
2005,2,41,Uki_
2005,2,42,Taft
2005,2,43,Ili_
2005,2,44,Andriu_kevi_ius
2005,2,45,Williams
2005,2,46,Lorbek
2005,2,47,Wright
2005,2,48,Gelabale
2005,2,49,Blatche
2005,2,50,Gomes
2005,2,51,Whaley
2005,2,52,Hervelle
2005,2,53,Greene
2005,2,54,Thompson
2005,2,55,Roberts
2005,2,56,Johnson
2005,2,57,Gortat
2005,2,58,Slokar
2005,2,59,Akyol
2005,2,60,Acker
2006,1,1,Bargnani
2006,1,2,Aldridge
2006,1,3,Morrison
2006,1,4,Thomas
2006,1,5,Williams
2006,1,6,Roy
2006,1,7,Foye
2006,1,8,Gay
2006,1,9,O'Bryant
2006,1,10,Sene
2006,1,11,Redick
2006,1,12,Armstrong
2006,1,13,Sefolosha
2006,1,14,Brewer
2006,1,15,Simmons
2006,1,16,Carney
2006,1,17,Williams
2006,1,18,Pecherov
2006,1,19,Douby
2006,1,20,Balkman
2006,1,21,Rondo
2006,1,22,Williams
2006,1,23,Boone
2006,1,24,Lowry
2006,1,25,Brown
2006,1,26,Farmar
2006,1,27,Rodríguez
2006,1,28,Ager
2006,1,29,Collins
2006,1,30,Freeland
2006,2,31,White
2006,2,32,Novak
2006,2,33,Jones
2006,2,34,Davis
2006,2,35,Tucker
2006,2,36,Smith
2006,2,37,Jones
2006,2,38,Perovi_
2006,2,39,Noel
2006,2,40,Brown
2006,2,41,Augustine
2006,2,42,Gibson
2006,2,43,Vinicius
2006,2,44,Eliyahu
2006,2,45,Johnson
2006,2,46,Brown
2006,2,47,Millsap
2006,2,48,Veremeenko
2006,2,49,Powe
2006,2,50,Hollins
2006,2,51,Samb
2006,2,52,Diaz
2006,2,53,Halperin
2006,2,54,Adams
2006,2,55,Ugboaja
2006,2,56,Bav_i_
2006,2,57,Mavrokefalidis
2006,2,58,Pinnock
2006,2,59,Markota
2006,2,60,Blalock
2007,1,1,Oden
2007,1,2,Durant
2007,1,3,Horford
2007,1,4,Conley
2007,1,5,Green
2007,1,6,Yi
2007,1,7,Brewer
2007,1,8,Wright
2007,1,9,Noah
2007,1,10,Hawes
2007,1,11,Law
2007,1,12,Young
2007,1,13,Wright
2007,1,14,Thornton
2007,1,15,Stuckey
2007,1,16,Young
2007,1,17,Williams
2007,1,18,Belinelli
2007,1,19,Crittenton
2007,1,20,Smith
2007,1,21,Cook
2007,1,22,Dudley
2007,1,23,Chandler
2007,1,24,Fernández
2007,1,25,Almond
2007,1,26,Brooks
2007,1,27,Afflalo
2007,1,28,Splitter
2007,1,29,Tucker
2007,1,30,Koponen
2007,2,31,Landry
2007,2,32,Pruitt
2007,2,33,Williams
2007,2,34,Fazekas
2007,2,35,Davis
2007,2,36,Davidson
2007,2,37,McRoberts
2007,2,38,Fesenko
2007,2,39,Bara_
2007,2,40,Sun
2007,2,41,Richard
2007,2,42,Byars
2007,2,43,Haluska
2007,2,44,Terry
2007,2,45,Jordan
2007,2,46,Lasme
2007,2,47,McGuire
2007,2,48,Gasol
2007,2,49,Gray
2007,2,50,Seibutis
2007,2,51,Curry
2007,2,52,Green
2007,2,53,Nichols
2007,2,54,Newley
2007,2,55,Hill
2007,2,56,Sessions
2007,2,57,Mejia
2007,2,58,Printezis
2007,2,59,Strawberry
2007,2,60,Rakovi_
2008,1,1,Rose
2008,1,2,Beasley
2008,1,3,Mayo
2008,1,4,Westbrook
2008,1,5,Love
2008,1,6,Gallinari
2008,1,7,Gordon
2008,1,8,Alexander
2008,1,9,Augustin
2008,1,10,Lopez
2008,1,11,Bayless
2008,1,12,Thompson
2008,1,13,Rush
2008,1,14,Randolph
2008,1,15,Lopez
2008,1,16,Speights
2008,1,17,Hibbert
2008,1,18,McGee
2008,1,19,Hickson
2008,1,20,Ajinça
2008,1,21,Anderson
2008,1,22,Lee
2008,1,23,Koufos
2008,1,24,Ibaka
2008,1,25,Batum
2008,1,26,Hill
2008,1,27,Arthur
2008,1,28,Greene
2008,1,29,White
2008,1,30,Giddens
2008,2,31,Pekovi_
2008,2,32,Sharpe
2008,2,33,Dorsey
2008,2,34,Chalmers
2008,2,35,Jordan
2008,2,36,A_ık
2008,2,37,Mbah
2008,2,38,Weaver
2008,2,39,Weems
2008,2,40,Douglas-Roberts
2008,2,41,Jawai
2008,2,42,Singletary
2008,2,43,Ewing
2008,2,44,Tomi_
2008,2,45,Dragi_
2008,2,46,Plaisted
2008,2,47,Walker
2008,2,48,Hairston
2008,2,49,Hendrix
2008,2,50,Hardin
2008,2,51,Foster
2008,2,52,Jackson
2008,2,53,Dragi_evi_
2008,2,54,Leunen
2008,2,55,Taylor
2008,2,56,Kaun
2008,2,57,Gist
2008,2,58,Crawford
2008,2,59,Washington
2008,2,60,Erden
2009,1,1,Griffin
2009,1,2,Thabeet
2009,1,3,Harden
2009,1,4,Evans
2009,1,5,Rubio
2009,1,6,Flynn
2009,1,7,Curry
2009,1,8,Hill
2009,1,9,DeRozan
2009,1,10,Jennings
2009,1,11,Williams
2009,1,12,Henderson
2009,1,13,Hansbrough
2009,1,14,Clark
2009,1,15,Daye
2009,1,16,Johnson
2009,1,17,Holiday
2009,1,18,Lawson
2009,1,19,Teague
2009,1,20,Maynor
2009,1,21,Collison
2009,1,22,Claver
2009,1,23,Casspi
2009,1,24,Mullens
2009,1,25,Beaubois
2009,1,26,Gibson
2009,1,27,Carroll
2009,1,28,Ellington
2009,1,29,Douglas
2009,1,30,Eyenga
2009,2,31,Pendergraph
2009,2,32,Taylor
2009,2,33,Cunningham
2009,2,34,Llull
2009,2,35,Summers
2009,2,36,Young
2009,2,37,Blair
2009,2,38,Brockman
2009,2,39,Jerebko
2009,2,40,Brown
2009,2,41,Meeks
2009,2,42,Beverley
2009,2,43,Thornton
2009,2,44,Budinger
2009,2,45,Calathes
2009,2,46,Green
2009,2,47,Norel
2009,2,48,Griffin
2009,2,49,Gladyr
2009,2,50,Suton
2009,2,51,McClinton
2009,2,52,Price
2009,2,53,de
2009,2,54,Vaden
2009,2,55,Mills
2009,2,56,Nivins
2009,2,57,Preld_i_
2009,2,58,Hudson
2009,2,59,Elonu
2009,2,60,Dozier
2010,1,1,Wall
2010,1,2,Turner
2010,1,3,Favors
2010,1,4,Johnson
2010,1,5,Cousins
2010,1,6,Udoh
2010,1,7,Monroe
2010,1,8,Aminu
2010,1,9,Hayward
2010,1,10,George
2010,1,11,Aldrich
2010,1,12,Henry
2010,1,13,Davis
2010,1,14,Patterson
2010,1,15,Sanders
2010,1,16,Babbitt
2010,1,17,Séraphin
2010,1,18,Bledsoe
2010,1,19,Bradley
2010,1,20,Anderson
2010,1,21,Brackins
2010,1,22,Williams
2010,1,23,Booker
2010,1,24,James
2010,1,25,Jones
2010,1,26,Pondexter
2010,1,27,Crawford
2010,1,28,Vásquez
2010,1,29,Orton
2010,1,30,Hayward
2010,2,31,Pleiß
2010,2,32,Pittman
2010,2,33,Whiteside
2010,2,34,Johnson
2010,2,35,Bjelica
2010,2,36,White
2010,2,37,Hobson
2010,2,38,Rautins
2010,2,39,Fields
2010,2,40,Stephenson
2010,2,41,Varnado
2010,2,42,Butler
2010,2,43,Ebanks
2010,2,44,Jordan
2010,2,45,Prestes
2010,2,46,Lawal
2010,2,47,Gallon
2010,2,48,Williams
2010,2,49,Richards
2010,2,50,Alabi
2010,2,51,Rolle
2010,2,52,Harangody
2010,2,53,Sy
2010,2,54,Warren
2010,2,55,Evans
2010,2,56,Ndiaye
2010,2,57,Reid
2010,2,58,Caracter
2010,2,59,Robinson
2010,2,60,Collins
2011,1,1,Irving
2011,1,2,Williams
2011,1,3,Kanter
2011,1,4,Thompson
2011,1,5,Valan_i_nas
2011,1,6,Vesel_
2011,1,7,Biyombo
2011,1,8,Knight
2011,1,9,Walker
2011,1,10,Fredette
2011,1,11,Thompson
2011,1,12,Burks
2011,1,13,Morris
2011,1,14,Morris
2011,1,15,Leonard
2011,1,16,Vu_evi_
2011,1,17,Shumpert
2011,1,18,Singleton
2011,1,19,Harris
2011,1,20,Motiej_nas
2011,1,21,Smith
2011,1,22,Faried
2011,1,23,Miroti_
2011,1,24,Jackson
2011,1,25,Brooks
2011,1,26,Hamilton
2011,1,27,Johnson
2011,1,28,Cole
2011,1,29,Joseph
2011,1,30,Butler
2011,2,31,Bogdanovi_
2011,2,32,Harper
2011,2,33,Singler
2011,2,34,Mack
2011,2,35,Honeycutt
2011,2,36,Williams
2011,2,37,Thompkins
2011,2,38,Parsons
2011,2,39,Tyler
2011,2,40,Leuer
2011,2,41,Morris
2011,2,42,Bert_ns
2011,2,43,Lee
2011,2,44,Jenkins
2011,2,45,Harrellson
2011,2,46,Goudelock
2011,2,47,Leslie
2011,2,48,Benson
2011,2,49,Selby
2011,2,50,Allen
2011,2,51,Diebler
2011,2,52,Macklin
2011,2,53,Liggins
2011,2,54,Macvan
2011,2,55,Moore
2011,2,56,Maduabum
2011,2,57,Ngombo
2011,2,58,Majok
2011,2,59,Hanga
2011,2,60,Thomas
2012,1,1,Davis
2012,1,2,Kidd-Gilchrist
2012,1,3,Beal
2012,1,4,Waiters
2012,1,5,Robinson
2012,1,6,Lillard
2012,1,7,Barnes
2012,1,8,Ross
2012,1,9,Drummond
2012,1,10,Rivers
2012,1,11,Leonard
2012,1,12,Lamb
2012,1,13,Marshall
2012,1,14,Henson
2012,1,15,Harkless
2012,1,16,White
2012,1,17,Zeller
2012,1,18,Jones
2012,1,19,Nicholson
2012,1,20,Fournier
2012,1,21,Sullinger
2012,1,22,Melo
2012,1,23,Jenkins
2012,1,24,Cunningham
2012,1,25,Wroten
2012,1,26,Plumlee
2012,1,27,Moultrie
2012,1,28,Jones
2012,1,29,Teague
2012,1,30,Ezeli
2012,2,31,Taylor
2012,2,32,Satoransk_
2012,2,33,James
2012,2,34,Crowder
2012,2,35,Green
2012,2,36,Johnson
2012,2,37,Acy
2012,2,38,Miller
2012,2,39,Middleton
2012,2,40,Barton
2012,2,41,Taylor
2012,2,42,Lamb
2012,2,43,Scott
2012,2,44,English
2012,2,45,Hamilton
2012,2,46,Miller
2012,2,47,Murphy
2012,2,48,Papanikolaou
2012,2,49,O'Quinn
2012,2,50,Turkyilmaz
2012,2,51,Joseph
2012,2,52,Kuzmi_
2012,2,53,Aldemir
2012,2,54,Shengelia
2012,2,55,Johnson-Odom
2012,2,56,Zub_i_
2012,2,57,Karaman
2012,2,58,Hummel
2012,2,59,Denmon
2012,2,60,Sacre
2013,1,1,Bennett
2013,1,2,Oladipo
2013,1,3,Porter
2013,1,4,Zeller
2013,1,5,Len
2013,1,6,Noel
2013,1,7,McLemore
2013,1,8,Caldwell-Pope
2013,1,9,Burke
2013,1,10,McCollum
2013,1,11,Carter-Williams
2013,1,12,Adams
2013,1,13,Olynyk
2013,1,14,Muhammad
2013,1,15,Antetokounmpo
2013,1,16,Nogueira
2013,1,17,Schröder
2013,1,18,Larkin
2013,1,19,Karasev
2013,1,20,Snell
2013,1,21,Dieng
2013,1,22,Plumlee
2013,1,23,Hill
2013,1,24,Hardaway
2013,1,25,Bullock
2013,1,26,Roberson
2013,1,27,Gobert
2013,1,28,Jean-Charles
2013,1,29,Goodwin
2013,1,30,Nedovi_
2013,2,31,Crabbe
2013,2,32,Abrines
2013,2,33,Felix
2013,2,34,Canaan
2013,2,35,Rice
2013,2,36,McCallum
2013,2,37,Mitchell
2013,2,38,Wolters
2013,2,39,Withey
2013,2,40,Jerrett
2013,2,41,Franklin
2013,2,42,Jackson
2013,2,43,Ledo
2013,2,44,Muscala
2013,2,45,Todorovi_
2013,2,46,Green
2013,2,47,Neto
2013,2,48,Kelly
2013,2,49,Murphy
2013,2,50,Ennis
2013,2,51,Osby
2013,2,52,Brown
2013,2,53,Iverson
2013,2,54,Kazemi
2013,2,55,Lauvergne
2013,2,56,Siva
2013,2,57,Oriakhi
2013,2,58,Thomas
2013,2,59,Dubljevi_
2013,2,60,Timma
2014,1,1,Wiggins
2014,1,2,Parker
2014,1,3,Embiid
2014,1,4,Gordon
2014,1,5,Exum
2014,1,6,Smart
2014,1,7,Randle
2014,1,8,Stauskas
2014,1,9,Vonleh
2014,1,10,Payton
2014,1,11,McDermott
2014,1,12,Saric
2014,1,13,LaVine
2014,1,14,Warren
2014,1,15,Payne
2014,1,16,Nurki_
2014,1,17,Young
2014,1,18,Ennis
2014,1,19,Harris
2014,1,20,Caboclo
2014,1,21,McGary
2014,1,22,Adams
2014,1,23,Hood
2014,1,24,Napier
2014,1,25,Capela
2014,1,26,Hairston
2014,1,27,Bogdanovi_
2014,1,28,Wilcox
2014,1,29,Huestis
2014,1,30,Anderson
2014,2,31,Inglis
2014,2,32,McDaniels
2014,2,33,Harris
2014,2,34,Early
2014,2,35,Stokes
2014,2,36,O'Bryant
2014,2,37,Daniels
2014,2,38,Dinwiddie
2014,2,39,Grant
2014,2,40,Robinson
2014,2,41,Joki_
2014,2,42,Johnson
2014,2,43,Tavares
2014,2,44,Brown
2014,2,45,Powell
2014,2,46,Clarkson
2014,2,47,Smith
2014,2,48,Patterson
2014,2,49,Bairstow
2014,2,50,Brown
2014,2,51,Antetokounmpo
2014,2,52,Mici_
2014,2,53,Gentile
2014,2,54,Dangubi_
2014,2,55,Christon
2014,2,56,Marble
2014,2,57,Labeyrie
2014,2,58,McRae
2014,2,59,Thames
2014,2,60,Jefferson
2015,1,1,Towns
2015,1,2,Russell
2015,1,3,Okafor
2015,1,4,Porzi__is
2015,1,5,Hezonja
2015,1,6,Cauley-Stein
2015,1,7,Mudiay
2015,1,8,Johnson
2015,1,9,Kaminsky
2015,1,10,Winslow
2015,1,11,Turner
2015,1,12,Lyles
2015,1,13,Booker
2015,1,14,Payne
2015,1,15,Oubre
2015,1,16,Rozier
2015,1,17,Vaughn
2015,1,18,Dekker
2015,1,19,Grant
2015,1,20,Wright
2015,1,21,Anderson
2015,1,22,Portis
2015,1,23,Hollis-Jefferson
2015,1,24,Jones
2015,1,25,Martin
2015,1,26,Milutinov
2015,1,27,Nance
2015,1,28,Hunter
2015,1,29,McCullough
2015,1,30,Looney
2015,2,31,Osman
2015,2,32,Harrell
2015,2,33,Mickey
2015,2,34,Brown
2015,2,35,Hernangómez
2015,2,36,Christmas
2015,2,37,Holmes
2015,2,38,Hilliard
2015,2,39,Vaulet
2015,2,40,Richardson
2015,2,41,Connaughton
2015,2,42,Hanlan
2015,2,43,Young
2015,2,44,Harrison
2015,2,45,Thornton
2015,2,46,Powell
2015,2,47,Gudaitis
2015,2,48,Johnson
2015,2,49,White
2015,2,50,Eriksson
2015,2,51,Harvey
2015,2,52,Bhamara
2015,2,53,Pointer
2015,2,54,Díez
2015,2,55,Lalanne
2015,2,56,Dawson
2015,2,57,Radi_evi_
2015,2,58,Tokoto
2015,2,59,Agravanis
2015,2,60,Mitrovi_
2016,1,1,Simmons
2016,1,2,Ingram
2016,1,3,Brown
2016,1,4,Bender
2016,1,5,Dunn
2016,1,6,Hield
2016,1,7,Murray
2016,1,8,Chriss
2016,1,9,Poeltl
2016,1,10,Maker
2016,1,11,Sabonis
2016,1,12,Prince
2016,1,13,Papagiannis
2016,1,14,Valentine
2016,1,15,Hernangómez
2016,1,16,Yabusele
2016,1,17,Baldwin
2016,1,18,Ellenson
2016,1,19,Beasley
2016,1,20,LeVert
2016,1,21,Bembry
2016,1,22,Richardson
2016,1,23,_i_i_
2016,1,24,Luwawu-Cabarrot
2016,1,25,Johnson
2016,1,26,Korkmaz
2016,1,27,Siakam
2016,1,28,Labissière
2016,1,29,Murray
2016,1,30,Jones
2016,2,31,Davis
2016,2,32,Zubac
2016,2,33,Diallo
2016,2,34,Ulis
2016,2,35,Zagorac
2016,2,36,Brogdon
2016,2,37,Onuaku
2016,2,38,McCaw
2016,2,39,Michineau
2016,2,40,Stone
2016,2,41,Zimmerman
2016,2,42,Whitehead
2016,2,43,Zhou
2016,2,44,Cordinier
2016,2,45,Jackson
2016,2,46,Hammons
2016,2,47,Layman
2016,2,48,Zipser
2016,2,49,Gbinije
2016,2,50,Niang
2016,2,51,Bentil
2016,2,52,Bolomboy
2016,2,53,Cornelie
2016,2,54,Felder
2016,2,55,Paige
2016,2,56,Hamilton
2016,2,57,Wang
2016,2,58,Nader
2016,2,59,Cousins
2016,2,60,Wallace
2017,1,1,Fultz
2017,1,2,Ball
2017,1,3,Tatum
2017,1,4,Jackson
2017,1,5,Fox
2017,1,6,Isaac
2017,1,7,Markkanen
2017,1,8,Ntilikina
2017,1,9,Smith
2017,1,10,Collins
2017,1,11,Monk
2017,1,12,Kennard
2017,1,13,Mitchell
2017,1,14,Adebayo
2017,1,15,Jackson
2017,1,16,Patton
2017,1,17,Wilson
2017,1,18,Leaf
2017,1,19,Collins
2017,1,20,Giles
2017,1,21,Ferguson
2017,1,22,Allen
2017,1,23,Anunoby
2017,1,24,Lydon
2017,1,25,Pase__iks
2017,1,26,Swanigan
2017,1,27,Kuzma
2017,1,28,Bradley
2017,1,29,White
2017,1,30,Hart
2017,2,31,Jackson
2017,2,32,Reed
2017,2,33,Iwundu
2017,2,34,Mason
2017,2,35,Rabb
2017,2,36,Bolden
2017,2,37,Ojeleye
2017,2,38,Bell
2017,2,39,Evans
2017,2,40,Bacon
2017,2,41,Dorsey
2017,2,42,Bryant
2017,2,43,Hartenstein
2017,2,44,Dotson
2017,2,45,Brooks
2017,2,46,Brown
2017,2,47,Anigbogu
2017,2,48,Thornwell
2017,2,49,_an_ar
2017,2,50,Lessort
2017,2,51,Morris
2017,2,52,Sumner
2017,2,53,Allen
2017,2,54,Peters
2017,2,55,Williams-Goss
2017,2,56,Bird
2017,2,57,Vezenkov
2017,2,58,Jaramaz
2017,2,59,Blossomgame
2017,2,60,Kaba
2018,1,1,Ayton
2018,1,2,Jackson
2018,1,3,Porter
2018,1,4,Bagley
2018,1,5,Doncic
2018,1,6,Carter
2018,1,7,Young
2018,1,8,Bamba
2018,1,9,Sexton
2018,1,10,Knox
2018,1,11,Bridges
2018,1,12,Bridges
2018,1,13,Gilgeous-Al...
2018,1,14,Williams
2018,1,15,Trent
2018,1,16,Walker
2018,1,17,Musa
2018,1,18,Diallo
2018,1,19,Thomas
2018,1,20,Robinson
2018,1,21,Duval
2018,1,22,Allen
2018,1,23,Metu
2018,1,24,Shamet
2018,1,25,McCoy
2018,1,26,Brown
2018,1,27,Yurtseven
2018,1,28,Wiley
2018,1,29,Carr
2018,1,30,Wagner
2018,2,31,Kurucs
2018,2,32,Brown
2018,2,33,Roach
2018,2,34,Bonga
2018,2,35,Franks
2018,2,36,Hutchison
2018,2,37,Williams
2018,2,38,Bates-Diop
2018,2,39,Johnson
2018,2,40,Holiday
2018,2,41,Mykha
2018,2,42,Adams
2018,2,43,Hervey
2018,2,44,Trier
2018,2,45,Evans
2018,2,46,Milton
2018,2,47,Bitadze
2018,2,48,Brunson
2018,2,49,Wilder
2018,2,50,Alkins
2018,2,51,Hudson
2018,2,52,Graham
2018,2,53,Kulboka
2018,2,54,Frazier
2018,2,55,Berry
2018,2,56,Evans
2018,2,57,Carter
2018,2,58,Simanic
2018,2,59,Colson
2018,2,60,Stephens