Rk,Year,Lg,Rd,Pk,Tm,Player,Age,Pos,Born,College,From,To,G,MP,PTS,TRB,AST,STL,BLK,FG%,2P%,3P%,FT%,WS,WS/48
1,2013,NBA,1,15,MIL,Giannis Antetokounmpo,18.208,F-G,gr,,2014,2018,393,32.7,17.2,7.5,3.8,1.2,1.3,0.506,0.537,0.284,0.746,38.9,0.145
2,2013,NBA,1,27,DEN,Rudy Gobert,21.006,C,fr,,2014,2018,325,28,10,10,1.2,0.6,2.2,0.614,0.615,0,0.629,38.5,0.203
3,2015,NBA,1,1,MIN,Karl-Anthony Towns,19.227,C-F,us,University of Kentucky,2016,2018,246,34.9,21.6,11.7,2.4,0.7,1.4,0.543,0.575,0.387,0.836,34.9,0.196
4,2013,NBA,1,12,OKC,Steven Adams,19.347,C,nz,University of Pittsburgh,2014,2018,387,25.5,8.8,6.9,0.9,0.8,1,0.586,0.587,0,0.567,29.6,0.144
5,2014,NBA,2,41,DEN,Nikola Jokic,19.132,C-F,rs,,2016,2018,228,27.3,14.9,9.1,4.4,1,0.7,0.53,0.572,0.366,0.832,27.1,0.209
6,2013,NBA,1,3,WAS,Otto Porter,20.029,F,us,Georgetown University,2014,2018,343,26.4,10.5,4.9,1.4,1.1,0.4,0.487,0.534,0.404,0.789,25.8,0.137
7,2013,NBA,1,22,BRK,Mason Plumlee,23.12,C-F,us,Duke University,2014,2018,389,22.3,8.6,6.3,2,0.8,1,0.566,0.57,0,0.565,25.2,0.139
8,2013,NBA,1,10,POR,CJ McCollum,21.287,G,us,Lehigh University,2014,2018,341,29.2,17.2,3,2.9,0.9,0.3,0.454,0.476,0.408,0.842,22.2,0.107
9,2013,NBA,1,2,ORL,Victor Oladipo,21.059,G,us,Indiana University,2014,2018,366,33.4,17.4,4.5,3.8,1.7,0.5,0.445,0.483,0.353,0.8,21.9,0.086
10,2013,NBA,1,21,UTA,Gorgui Dieng,23.166,C,sn,University of Louisville,2014,2018,376,24.5,8.3,6.7,1.5,0.9,1.1,0.506,0.517,0.328,0.785,21.6,0.112
11,2014,NBA,1,25,HOU,Clint Capela,20.044,C,ch,,2015,2018,228,22.6,10.6,8.1,0.8,0.7,1.4,0.629,0.63,0,0.482,20.6,0.193
12,2013,NBA,1,4,CHA,Cody Zeller,20.27,C-F,us,Indiana University,2014,2018,312,22.5,7.9,5.6,1.3,0.7,0.7,0.504,0.506,0.25,0.732,20.2,0.138
13,2013,NBA,1,13,DAL,Kelly Olynyk,22.075,C-F,ca,Gonzaga University,2014,2018,354,21.3,9.9,4.9,1.9,0.7,0.5,0.481,0.542,0.371,0.75,20.2,0.128
14,2013,NBA,1,8,DET,Kentavious Caldwell-Pope,20.134,G,us,University of Georgia,2014,2018,388,30.8,12,3.4,1.7,1.2,0.2,0.409,0.462,0.345,0.786,19.8,0.08
15,2015,NBA,1,11,IND,Myles Turner,19.097,C-F,us,University of Texas at Austin,2016,2018,206,27.9,12.7,6.5,1.1,0.7,1.8,0.498,0.522,0.346,0.783,15.8,0.132
16,2014,NBA,2,45,CHH,Dwight Powell,22.347,F-C,ca,Stanford University,2015,2018,254,16.7,6.6,4.2,0.8,0.7,0.4,0.535,0.581,0.292,0.739,14.9,0.17
17,2014,NBA,1,19,CHI,Gary Harris,19.29,G,us,Michigan State University,2015,2018,255,28.4,12.3,2.5,2.1,1.3,0.2,0.469,0.539,0.371,0.803,13.4,0.089
18,2014,NBA,1,23,UTA,Rodney Hood,21.254,G-F,us,Duke University,2015,2018,248,27.5,13,3,2,0.8,0.2,0.419,0.461,0.369,0.828,13.4,0.095
19,2013,NBA,1,24,NYK,Tim Hardaway,21.108,G,us,University of Michigan,2014,2018,338,25,12.1,2.4,1.7,0.6,0.2,0.425,0.503,0.344,0.806,13.2,0.075
20,2013,NBA,2,31,CLE,Allen Crabbe,21.084,G-F,us,University of California,2014,2018,301,24.4,9.5,2.8,1.2,0.6,0.3,0.439,0.485,0.397,0.849,13,0.085
21,2014,NBA,1,4,ORL,Aaron Gordon,18.288,F,us,University of Arizona,2015,2018,263,26.1,11.4,5.8,1.7,0.8,0.6,0.451,0.517,0.309,0.698,13,0.091
22,2013,NBA,1,26,MIN,Andre Roberson,21.211,G-F,us,University of Colorado,2014,2018,295,22.5,4.6,4,0.9,0.9,0.7,0.482,0.609,0.257,0.467,12.7,0.092
23,2014,NBA,1,30,SAS,Kyle Anderson,20.284,F-G,us,University of California Los Angeles,2015,2018,257,17.9,4.9,3.6,1.7,0.9,0.5,0.478,0.501,0.338,0.733,12.7,0.132
24,2013,NBA,1,5,PHO,Alex Len,20.016,C,ua,University of Maryland,2014,2018,335,19.9,7.2,6.5,0.8,0.4,1,0.485,0.489,0.24,0.707,12.4,0.089
25,2014,NBA,1,1,CLE,Andrew Wiggins,19.128,F-G,ca,University of Kansas,2015,2018,327,36.2,19.7,4.1,2.1,1,0.5,0.447,0.472,0.33,0.741,12.4,0.05
26,2013,NBA,1,6,NOH,Nerlens Noel,19.083,C-F,us,University of Kentucky,2015,2018,223,26,9.3,7.2,1.4,1.6,1.4,0.512,0.513,0.25,0.624,12.3,0.102
27,2015,NBA,1,4,NYK,Kristaps Porzingis,19.332,F-C,lv,,2016,2018,186,31,17.8,7.1,1.3,0.7,2,0.437,0.467,0.361,0.804,12.1,0.1
28,2014,NBA,1,10,PHI,Elfrid Payton,20.129,G,us,University of Louisiana at Lafayette,2015,2018,300,29.5,11.2,4.2,6.4,1.3,0.3,0.457,0.479,0.298,0.619,11.8,0.064
29,2014,NBA,1,7,LAL,Julius Randle,19.214,F-C,us,University of Kentucky,2015,2018,238,27.8,13.5,8.9,2.6,0.6,0.5,0.493,0.507,0.257,0.717,11.7,0.085
30,2015,NBA,1,27,LAL,Larry Nance Jr.,22.18,F-C,us,University of Wyoming,2016,2018,192,21.5,7.1,5.9,1.2,1.2,0.5,0.547,0.566,0.224,0.689,11.5,0.134
31,2014,NBA,1,6,BOS,Marcus Smart,20.117,G,us,Oklahoma State University,2015,2018,261,28.7,9.4,3.7,3.9,1.5,0.4,0.36,0.422,0.293,0.756,10.9,0.07
32,2014,NBA,1,14,PHO,T.J. Warren,20.299,F,us,North Carolina State University,2015,2018,218,26.9,13.7,4.1,1.1,0.9,0.5,0.5,0.527,0.283,0.754,10.9,0.089
33,2014,NBA,2,39,PHI,Jerami Grant,20.111,F,us,Syracuse University,2015,2018,303,21.9,7.5,3.6,1,0.5,1.2,0.444,0.507,0.301,0.641,10.9,0.079
34,2015,NBA,1,6,SAC,Willie Cauley-Stein,21.316,F-C,us,University of Kentucky,2016,2018,214,22.8,9.4,5.6,1.4,0.8,0.8,0.524,0.527,0.188,0.641,10.7,0.105
35,2015,NBA,2,32,HOU,Montrezl Harrell,21.155,F-C,us,University of Louisville,2016,2018,173,15.8,8.7,3.4,0.9,0.4,0.6,0.642,0.65,0.133,0.614,10.5,0.184
36,2013,NBA,1,20,CHI,Tony Snell,21.235,G-F,us,University of New Mexico,2014,2018,368,22.6,6.3,2.4,1.1,0.5,0.2,0.42,0.474,0.38,0.809,10.3,0.059
37,2013,NBA,1,17,ATL,Dennis Schroder,19.29,G,de,,2014,2018,352,23.7,12.9,2.5,4.8,0.8,0.1,0.434,0.471,0.32,0.827,10.2,0.059
38,2014,NBA,1,2,MIL,Jabari Parker,19.108,F,us,Duke University,2015,2018,183,30.7,15.3,5.5,2,1,0.4,0.49,0.512,0.352,0.747,10.2,0.087
39,2015,NBA,2,40,MIA,Josh Richardson,21.288,G,us,University of Tennessee,2016,2018,186,29.1,10.3,3,2.4,1.2,0.7,0.434,0.473,0.376,0.787,10.1,0.09
40,2013,NBA,2,44,DAL,Mike Muscala,22.002,F-C,us,Bucknell University,2014,2018,243,14.7,5.4,3.1,0.9,0.4,0.5,0.491,0.547,0.378,0.848,9.5,0.127
41,2015,NBA,1,9,CHO,Frank Kaminsky,22.087,F-C,us,University of Wisconsin,2016,2018,235,23.4,10,4.1,1.7,0.5,0.4,0.412,0.457,0.347,0.765,9.2,0.08
42,2016,NBA,1,1,PHI,Ben Simmons,19.343,G-F,au,Louisiana State University,2018,2018,81,33.7,15.8,8.1,8.2,1.7,0.9,0.545,0.551,0,0.56,9.2,0.162
43,2013,NBA,2,50,ATL,James Ennis,23.002,F,us,California State University Long Beach,2015,2018,220,20.4,6.4,3.2,0.9,0.6,0.3,0.454,0.521,0.359,0.811,9.1,0.097
44,2013,NBA,1,23,IND,Solomon Hill,22.107,F,us,University of Arizona,2014,2018,261,23.1,6.2,3.3,1.6,0.7,0.2,0.396,0.445,0.331,0.816,8.7,0.069
45,2014,NBA,2,38,DET,Spencer Dinwiddie,21.086,G,us,University of Colorado,2015,2018,185,23,8.9,2.6,4.5,0.7,0.3,0.387,0.446,0.315,0.798,8.7,0.098
46,2014,NBA,2,46,WAS,Jordan Clarkson,22.024,G,us,University of Missouri,2015,2018,301,27.6,14.1,3.2,2.8,0.9,0.1,0.443,0.488,0.339,0.807,8.7,0.05
47,2014,NBA,1,16,CHI,Jusuf Nurkic,19.312,C,ba,,2015,2018,238,21.6,10.4,7.3,1.5,0.8,1.2,0.485,0.488,0,0.612,8.6,0.081
48,2013,NBA,1,14,UTA,Shabazz Muhammad,20.231,F-G,us,University of California Los Angeles,2014,2018,278,17.2,9,2.8,0.5,0.3,0.1,0.473,0.51,0.319,0.751,8.5,0.085
49,2013,NBA,1,9,MIN,Trey Burke,20.232,G,us,University of Michigan,2014,2018,303,24.4,10.9,2.1,3.8,0.6,0.1,0.404,0.441,0.339,0.791,8.3,0.054
50,2014,NBA,1,3,PHI,Joel Embiid,20.107,C,cm,University of Kansas,2017,2018,94,28.7,22,9.9,2.8,0.7,2,0.478,0.518,0.327,0.774,8.1,0.144
51,2015,NBA,2,37,PHI,Richaun Holmes,21.258,F-C,us,Bowling Green State University,2016,2018,156,16.9,7.4,4.2,1,0.5,0.8,0.547,0.609,0.257,0.687,8.1,0.147
52,2015,NBA,1,23,POR,Rondae Hollis-Jefferson,20.178,F,us,University of Arizona,2016,2018,175,24.5,10.2,6.1,2.1,1.1,0.6,0.456,0.479,0.237,0.767,7.9,0.088
53,2014,NBA,1,11,DEN,Doug McDermott,22.18,F,us,Creighton University,2015,2018,264,20.7,7.9,2.3,0.8,0.2,0.1,0.452,0.485,0.403,0.822,7.7,0.068
54,2014,NBA,1,12,ORL,Dario Saric,20.084,F,hr,,2017,2018,159,27.9,13.7,6.5,2.4,0.7,0.3,0.431,0.484,0.355,0.82,7.6,0.082
55,2015,NBA,1,22,CHI,Bobby Portis,20.14,F,us,University of Arkansas,2016,2018,199,18.8,9.2,5.7,1.1,0.5,0.3,0.463,0.498,0.345,0.737,7.3,0.094
56,2016,NBA,1,9,TOR,Jakob Poeltl,20.257,C,at,University of Utah,2017,2018,136,15.8,5.4,4.1,0.5,0.4,0.9,0.641,0.642,0.5,0.576,7.2,0.161
57,2017,NBA,1,3,BOS,Jayson Tatum,19.116,F,us,Duke University,2018,2018,80,30.5,13.9,5,1.6,1,0.7,0.475,0.492,0.434,0.826,7.1,0.139
58,2015,NBA,1,12,UTA,Trey Lyles,19.237,F,ca,University of Kentucky,2016,2018,224,17.5,7.4,3.9,1,0.4,0.3,0.435,0.483,0.358,0.703,6.9,0.084
59,2016,NBA,1,7,DEN,Jamal Murray,19.125,G,ca,University of Kentucky,2017,2018,163,26.6,13.3,3.1,2.7,0.8,0.3,0.432,0.488,0.359,0.898,6.9,0.076
60,2016,NBA,2,36,MIL,Malcolm Brogdon,23.2,G,us,University of Virginia,2017,2018,123,27.8,11.3,3,3.8,1,0.2,0.469,0.503,0.395,0.872,6.9,0.096
61,2013,NBA,2,39,POR,Jeff Withey,23.118,C,us,University of Kansas,2014,2018,206,10.1,3.2,2.5,0.3,0.3,0.8,0.525,0.537,0.143,0.716,6.8,0.157
62,2013,NBA,1,25,LAC,Reggie Bullock,22.109,G-F,us,University of North Carolina,2014,2018,209,16.1,5.5,1.9,0.8,0.4,0.1,0.448,0.501,0.403,0.798,6.7,0.096
63,2015,NBA,1,16,BOS,Terry Rozier,21.105,G,us,University of Louisville,2016,2018,193,18.9,7.2,3.5,2.1,0.7,0.2,0.377,0.395,0.355,0.773,6.7,0.088
64,2015,NBA,1,19,WAS,Jerian Grant,22.264,G,us,University of Notre Dame,2016,2018,213,18.7,6.6,2,3,0.8,0.1,0.411,0.464,0.313,0.784,6.6,0.08
65,2015,NBA,1,13,PHO,Devin Booker,18.242,G,us,University of Kentucky,2016,2018,208,32.2,19.8,3.3,3.5,0.8,0.3,0.426,0.455,0.365,0.849,6.3,0.045
66,2015,NBA,1,15,ATL,Kelly Oubre,19.203,F,us,University of Kansas,2016,2018,223,20.2,7.6,3.4,0.7,0.7,0.3,0.412,0.482,0.322,0.78,6.2,0.066
67,2015,NBA,1,20,TOR,Delon Wright,23.065,G,us,University of Utah,2016,2018,123,17.1,6.6,2.3,2.3,0.9,0.4,0.455,0.498,0.362,0.797,6.2,0.142
68,2016,NBA,1,27,TOR,Pascal Siakam,22.145,F,cm,New Mexico State University,2017,2018,136,18.7,6,4,1.3,0.6,0.6,0.506,0.578,0.216,0.639,6.2,0.118
69,2013,NBA,1,16,BOS,Lucas Nogueira,20.341,C,br,,2015,2018,141,12.4,3.2,2.8,0.5,0.6,1,0.632,0.681,0.265,0.64,6,0.165
70,2016,NBA,1,3,BOS,Jaylen Brown,19.247,F-G,us,University of California,2017,2018,148,23.6,10.4,3.8,1.2,0.7,0.3,0.461,0.507,0.379,0.658,6,0.082
71,2015,NBA,1,24,CLE,Tyus Jones,19.05,G,us,Duke University,2016,2018,179,15.7,4.4,1.4,2.8,1,0.1,0.423,0.473,0.341,0.81,5.5,0.093
72,2016,NBA,1,11,ORL,Domantas Sabonis,20.056,F-C,us,Gonzaga University,2017,2018,155,22.2,8.6,5.5,1.5,0.5,0.4,0.466,0.495,0.327,0.729,5.5,0.077
73,2017,NBA,1,19,ATL,John Collins,19.277,F,us,Wake Forest University,2018,2018,74,24.1,10.5,7.3,1.3,0.6,1.1,0.576,0.598,0.34,0.715,5.4,0.145
74,2013,NBA,2,55,MEM,Joffrey Lauvergne,21.276,C-F,fr,,2015,2018,208,13.6,5.6,3.8,0.9,0.3,0.2,0.479,0.52,0.285,0.719,5.2,0.089
75,2014,NBA,1,13,MIN,Zach LaVine,19.113,G,us,University of California Los Angeles,2015,2018,230,28.7,14,3,3.2,0.8,0.2,0.437,0.47,0.373,0.82,5.2,0.038
76,2015,NBA,2,35,PHI,Willy Hernangomez,21.034,C,es,,2017,2018,120,15.2,6.9,5.7,1.1,0.5,0.4,0.536,0.545,0.333,0.698,5.2,0.137
77,2017,NBA,1,13,DEN,Donovan Mitchell,20.293,G,us,University of Louisville,2018,2018,79,33.4,20.5,3.7,3.7,1.5,0.3,0.437,0.502,0.34,0.805,5.2,0.095
78,2014,NBA,1,9,CHH,Noah Vonleh,18.311,F,us,Indiana University,2015,2018,231,15.5,4.1,4.7,0.4,0.3,0.3,0.444,0.474,0.297,0.664,5.1,0.068
79,2015,NBA,1,10,MIA,Justise Winslow,19.095,F,us,Duke University,2016,2018,164,27.7,7.5,5.3,2,0.9,0.4,0.41,0.44,0.314,0.653,5,0.053
80,2015,NBA,2,46,MIL,Norman Powell,22.036,G,us,University of California Los Angeles,2016,2018,195,16.2,6.6,2,1.1,0.6,0.2,0.427,0.498,0.324,0.801,5,0.075
81,2014,NBA,2,33,CLE,Joe Harris,22.299,G,us,University of Virginia,2015,2018,186,19.5,7.6,2.4,1.1,0.4,0.2,0.459,0.548,0.4,0.774,4.9,0.065
82,2013,NBA,1,7,SAC,Ben McLemore,20.141,G,us,University of Kansas,2014,2018,349,24.5,9.1,2.6,1.2,0.7,0.2,0.417,0.468,0.351,0.785,4.5,0.025
83,2013,NBA,1,11,PHI,Michael Carter-Williams,21.266,G,us,Syracuse University,2014,2018,287,27.5,11.5,4.7,4.9,1.4,0.6,0.402,0.434,0.25,0.707,4.4,0.027
84,2013,NBA,1,18,ATL,Shane Larkin,20.273,G,us,University of Miami,2014,2018,256,19.1,5.5,1.9,2.9,0.9,0.1,0.422,0.454,0.336,0.777,4.4,0.044
85,2014,NBA,1,24,CHH,Shabazz Napier,22.353,G,us,University of Connecticut,2015,2018,233,15.7,5.7,1.7,1.9,0.8,0.1,0.395,0.422,0.363,0.802,4.4,0.058
86,2013,NBA,2,32,OKC,Alex Abrines,19.335,G-F,es,,2017,2018,143,15.3,5.3,1.4,0.5,0.5,0.1,0.394,0.433,0.38,0.874,4.3,0.095
87,2015,NBA,1,18,HOU,Sam Dekker,21.055,F,us,University of Wisconsin,2016,2018,153,15.1,5.3,3,0.7,0.4,0.2,0.481,0.592,0.283,0.605,4.3,0.09
88,2015,NBA,1,21,DAL,Justin Anderson,21.223,G,us,University of Virginia,2016,2018,168,14.3,5.8,2.8,0.7,0.4,0.3,0.422,0.528,0.3,0.784,4.3,0.086
89,2015,NBA,1,30,GSW,Kevon Looney,19.144,F-C,us,University of California Los Angeles,2016,2018,124,11.1,3.3,2.8,0.6,0.4,0.6,0.56,0.577,0.25,0.568,4.3,0.149
90,2013,NBA,2,34,HOU,Isaiah Canaan,22.043,G,us,Murray State University,2014,2018,205,20.3,8.4,1.9,1.8,0.6,0.1,0.369,0.399,0.351,0.839,4.2,0.048
91,2017,NBA,1,14,MIA,Bam Adebayo,19.344,C-F,us,University of Kentucky,2018,2018,69,19.8,6.9,5.5,1.5,0.5,0.6,0.512,0.523,0,0.721,4.2,0.148
92,2017,NBA,1,22,BRK,Jarrett Allen,19.067,F-C,us,University of Texas at Austin,2018,2018,72,20,8.2,5.4,0.7,0.4,1.2,0.589,0.599,0.333,0.776,4.2,0.141
93,2016,NBA,1,6,NOP,Buddy Hield,22.194,G,bs,University of Oklahoma,2017,2018,162,24.1,12,3.6,1.7,0.8,0.2,0.437,0.459,0.412,0.86,4.1,0.05
94,2016,NBA,1,20,IND,Caris LeVert,21.308,G-F,us,University of Michigan,2017,2018,128,24.2,10.4,3.5,3.2,1,0.2,0.44,0.506,0.336,0.714,4.1,0.063
95,2014,NBA,2,40,MIN,Glenn Robinson III,20.174,G-F,us,University of Michigan,2015,2018,172,14.7,4.4,2.3,0.6,0.4,0.2,0.445,0.477,0.381,0.707,4,0.077
96,2017,NBA,1,27,BRK,Kyle Kuzma,21.339,F,us,University of Utah,2018,2018,77,31.2,16.1,6.3,1.8,0.6,0.4,0.45,0.511,0.366,0.707,3.8,0.077
97,2013,NBA,2,47,ATL,Raul Neto,21.044,G,br,,2016,2018,162,14.5,4.7,1.2,1.7,0.6,0.1,0.439,0.469,0.388,0.754,3.4,0.07
98,2017,NBA,1,30,UTA,Josh Hart,22.114,G,us,Villanova University,2018,2018,63,23.2,7.9,4.2,1.3,0.7,0.3,0.469,0.551,0.396,0.702,3.4,0.111
99,2015,NBA,2,44,PHO,Andrew Harrison,20.245,G,us,University of Kentucky,2017,2018,128,21.9,7.5,2.1,2.9,0.7,0.4,0.378,0.424,0.302,0.771,3.3,0.056
100,2017,NBA,1,7,MIN,Lauri Markkanen,20.036,F-C,fi,University of Arizona,2018,2018,68,29.7,15.2,7.5,1.2,0.6,0.6,0.434,0.497,0.362,0.843,3.3,0.079
101,2016,NBA,1,29,SAS,Dejounte Murray,19.282,G,us,University of Washington,2017,2018,119,17.4,6.6,4.2,2.3,0.9,0.3,0.441,0.452,0.316,0.708,3.2,0.074
102,2016,NBA,2,31,BOS,Deyonta Davis,19.208,C-F,us,Michigan State University,2017,2018,98,12.1,4.3,3.2,0.4,0.2,0.6,0.593,0.593,,0.64,3.2,0.13
103,2016,NBA,1,12,UTA,Taurean Prince,22.099,F,us,Baylor University,2017,2018,141,24.4,10.6,3.9,1.9,0.9,0.5,0.42,0.456,0.374,0.825,3.1,0.043
104,2016,NBA,1,14,CHI,Denzel Valentine,22.225,G,us,Michigan State University,2017,2018,134,22.9,8,4.1,2.3,0.7,0.1,0.399,0.434,0.374,0.754,3.1,0.048
105,2013,NBA,2,48,LAL,Ryan Kelly,22.085,F,us,Duke University,2014,2017,163,19.2,6,3.1,1.3,0.5,0.5,0.378,0.416,0.316,0.797,3,0.046
106,2015,NBA,1,3,PHI,Jahlil Okafor,19.197,C-F,us,Duke University,2016,2018,131,23.5,12.9,5.3,1,0.3,1,0.515,0.517,0.2,0.682,3,0.047
107,2017,NBA,1,23,TOR,OG Anunoby,19.345,F,gb,Indiana University,2018,2018,74,20,5.9,2.5,0.7,0.7,0.2,0.471,0.604,0.371,0.629,3,0.098
108,2014,NBA,1,27,PHO,Bogdan Bogdanovic,21.317,G,rs,,2018,2018,78,27.9,11.8,2.9,3.3,0.9,0.2,0.446,0.485,0.392,0.84,2.9,0.064
109,2017,NBA,2,38,CHI,Jordan Bell,22.172,F,us,University of Oregon,2018,2018,57,14.2,4.6,3.6,1.8,0.6,1,0.627,0.641,0,0.682,2.9,0.174
110,2015,NBA,1,8,DET,Stanley Johnson,19.031,F,us,University of Arizona,2016,2018,219,22.6,7,3.4,1.5,0.9,0.2,0.37,0.417,0.295,0.76,2.8,0.027
111,2015,NBA,2,41,BRK,Pat Connaughton,22.175,G,us,University of Notre Dame,2016,2018,155,12.6,3.7,1.6,0.8,0.2,0.2,0.421,0.482,0.364,0.845,2.8,0.07
112,2016,NBA,1,10,MIL,Thon Maker,19.123,F-C,ss,,2017,2018,131,13.7,4.4,2.6,0.5,0.4,0.6,0.429,0.483,0.331,0.683,2.8,0.074
113,2014,NBA,1,8,SAC,Nik Stauskas,20.267,G,ca,University of Michigan,2015,2018,267,21.1,7,2.1,1.6,0.4,0.3,0.386,0.435,0.349,0.801,2.7,0.023
114,2015,NBA,1,25,MEM,Jarell Martin,21.037,F,us,Louisiana State University,2016,2018,142,18.3,6.2,4,0.7,0.5,0.5,0.436,0.455,0.344,0.763,2.7,0.051
115,2016,NBA,1,28,PHO,Skal Labissiere,20.102,F,ht,University of Kentucky,2017,2018,93,19.9,8.7,4.8,1.1,0.4,0.7,0.476,0.488,0.356,0.766,2.6,0.069
116,2017,NBA,1,12,DET,Luke Kennard,21.003,G,us,Duke University,2018,2018,73,20,7.6,2.4,1.7,0.6,0.2,0.443,0.463,0.415,0.855,2.6,0.085
117,2015,NBA,1,5,ORL,Mario Hezonja,20.125,F-G,hr,,2016,2018,219,18.4,6.9,2.8,1.3,0.7,0.3,0.418,0.487,0.332,0.837,2.5,0.029
118,2016,NBA,1,2,LAL,Brandon Ingram,18.299,F,us,Duke University,2017,2018,138,30.8,12.2,4.6,2.9,0.7,0.6,0.438,0.466,0.329,0.655,2.5,0.028
119,2016,NBA,1,8,SAC,Marquese Chriss,18.361,F,us,University of Washington,2017,2018,154,21.2,8.5,4.8,0.9,0.8,0.9,0.438,0.515,0.309,0.617,2.5,0.037
120,2016,NBA,2,33,LAC,Cheick Diallo,19.288,F,ml,University of Kansas,2017,2018,69,11.3,4.9,4.1,0.3,0.2,0.4,0.548,0.548,,0.747,2.4,0.145
121,2016,NBA,2,38,MIL,Patrick McCaw,20.247,G,us,University of Nevada Las Vegas,2017,2018,128,15.9,4,1.4,1.2,0.6,0.2,0.421,0.517,0.296,0.775,2.3,0.054
122,2016,NBA,1,15,DEN,Juan Hernangomez,20.274,F,es,,2017,2018,87,12.9,4.4,2.8,0.5,0.4,0.2,0.435,0.515,0.368,0.761,2.2,0.093
123,2013,NBA,2,36,SAC,Ray McCallum,22.021,G,us,University of Detroit Mercy,2014,2016,154,18.2,6,2,2.4,0.5,0.2,0.408,0.43,0.335,0.711,2.1,0.035
124,2016,NBA,2,32,LAL,Ivica Zubac,19.102,C,ba,,2017,2018,81,12.6,5.5,3.5,0.7,0.3,0.6,0.519,0.525,0,0.71,2.1,0.099
125,2017,NBA,1,2,LAL,Lonzo Ball,19.243,G,us,University of California Los Angeles,2018,2018,52,34.2,10.2,6.9,7.2,1.7,0.8,0.36,0.42,0.305,0.451,2,0.053
126,2015,NBA,1,14,OKC,Cameron Payne,20.326,G,us,Murray State University,2016,2018,113,15.4,5.9,1.8,2.4,0.7,0.2,0.386,0.42,0.34,0.75,1.8,0.049
127,2014,NBA,1,5,UTA,Dante Exum,18.353,G,au,,2015,2018,162,20.2,5.7,1.8,2.2,0.4,0.2,0.395,0.483,0.306,0.757,1.7,0.025
128,2015,NBA,1,2,LAL,D'Angelo Russell,19.127,G,us,Ohio State University,2016,2018,191,27.8,14.6,3.6,4.3,1.1,0.2,0.409,0.455,0.344,0.754,1.7,0.015
129,2016,NBA,1,24,PHI,Timothe Luwawu,21.051,F,fr,,2017,2018,121,16.5,6.1,1.8,1.1,0.4,0.1,0.39,0.46,0.323,0.834,1.6,0.039
130,2014,NBA,1,18,PHO,Tyler Ennis,19.311,G,ca,Syracuse University,2015,2018,186,12.6,4.2,1.3,1.9,0.5,0.1,0.419,0.458,0.317,0.768,1.3,0.026
131,2014,NBA,1,21,OKC,Mitch McGary,22.025,F-C,us,University of Michigan,2015,2016,52,10.7,4.4,3.5,0.3,0.3,0.3,0.527,0.544,0,0.58,1.3,0.108
132,2014,NBA,2,32,PHI,K.J. McDaniels,21.142,G-F,us,Clemson University,2015,2017,148,14.1,5.3,2.2,0.6,0.5,0.6,0.412,0.479,0.29,0.776,1.3,0.03
133,2017,NBA,1,21,OKC,Terrance Ferguson,19.041,G-F,us,,2018,2018,61,12.5,3.1,0.8,0.3,0.4,0.2,0.414,0.612,0.333,0.9,1.2,0.077
134,2017,NBA,2,35,ORL,Ivan Rabb,20.143,F,us,University of California,2018,2018,36,14.3,5.6,4.4,0.9,0.3,0.4,0.566,0.566,,0.806,1.2,0.109
135,2017,NBA,2,37,BOS,Semi Ojeleye,22.205,F,us,Southern Methodist University,2018,2018,73,15.8,2.7,2.2,0.3,0.3,0.1,0.346,0.397,0.32,0.61,1.2,0.048
136,2017,NBA,2,45,HOU,Dillon Brooks,21.157,F-G,ca,University of Oregon,2018,2018,82,28.7,11,3.1,1.6,0.9,0.2,0.44,0.484,0.356,0.747,1.2,0.024
137,2013,NBA,1,29,OKC,Archie Goodwin,18.319,G,us,University of Kentucky,2014,2017,165,14.5,6.3,2,1.2,0.4,0.2,0.429,0.484,0.236,0.7,1.1,0.022
138,2014,NBA,2,44,MIN,Markel Brown,22.154,G,us,Oklahoma State University,2015,2018,113,15.9,5.2,2.1,1.2,0.6,0.2,0.38,0.427,0.295,0.781,1.1,0.029
139,2016,NBA,1,5,MIN,Kris Dunn,22.103,G,us,Providence College,2017,2018,130,22,7.6,3,3.8,1.4,0.5,0.413,0.44,0.309,0.69,1,0.016
140,2016,NBA,1,23,BOS,Ante Zizic,19.175,F-C,hr,,2018,2018,32,6.7,3.7,1.9,0.2,0.1,0.4,0.731,0.731,,0.724,1,0.231
141,2017,NBA,1,15,POR,Justin Jackson,22.092,G-F,us,University of North Carolina,2018,2018,68,22.1,6.7,2.8,1.1,0.4,0.2,0.442,0.547,0.308,0.722,1,0.031
142,2017,NBA,2,48,MIL,Sindarius Thornwell,22.225,G,us,University of South Carolina,2018,2018,73,15.8,3.9,1.9,0.9,0.7,0.3,0.429,0.448,0.377,0.67,1,0.041
143,2013,NBA,2,38,WAS,Nate Wolters,22.049,G,us,South Dakota State University,2014,2018,84,18.8,5.5,2.2,2.5,0.5,0.2,0.423,0.452,0.261,0.635,0.9,0.028
144,2014,NBA,1,26,MIA,P.J. Hairston,21.189,G-F,us,University of North Carolina,2015,2016,111,18,6,2.4,0.5,0.5,0.2,0.343,0.414,0.295,0.81,0.9,0.021
145,2014,NBA,2,60,SAS,Cory Jefferson,23.188,F,us,Baylor University,2015,2016,58,10,3.5,2.8,0.3,0.2,0.4,0.444,0.474,0.125,0.583,0.9,0.071
146,2015,NBA,2,31,MIN,Cedi Osman,20.083,F,mk,,2018,2018,61,11,3.9,2,0.7,0.4,0,0.484,0.586,0.368,0.565,0.9,0.064
147,2013,NBA,1,19,CLE,Sergey Karasev,19.249,G-F,ru,,2014,2016,95,11.7,3,1.5,0.9,0.3,0,0.395,0.489,0.282,0.842,0.8,0.036
148,2014,NBA,1,17,BOS,James Young,18.319,G-F,us,University of Kentucky,2015,2018,95,8.5,2.3,1,0.3,0.3,0.1,0.367,0.534,0.277,0.563,0.8,0.046
149,2017,NBA,1,18,IND,T.J. Leaf,20.058,F,il,University of California Los Angeles,2018,2018,53,8.7,2.9,1.5,0.2,0.1,0.1,0.471,0.489,0.429,0.625,0.8,0.082
150,2014,NBA,1,29,OKC,Josh Huestis,22.195,F,us,Stanford University,2016,2018,76,14.1,2.5,2.4,0.3,0.2,0.6,0.346,0.4,0.312,0.24,0.7,0.03
151,2016,NBA,2,60,UTA,Tyrone Wallace,22.019,G,us,University of California,2018,2018,30,28.4,9.7,3.5,2.4,0.9,0.4,0.445,0.483,0.25,0.782,0.7,0.042
152,2017,NBA,2,33,ORL,Wesley Iwundu,22.19,F,us,Kansas State University,2018,2018,62,16.5,3.7,2.2,0.9,0.5,0.2,0.427,0.488,0.196,0.723,0.7,0.032
153,2017,NBA,2,46,PHI,Sterling Brown,22.138,G,us,Southern Methodist University,2018,2018,54,14.4,4,2.6,0.5,0.6,0.2,0.4,0.439,0.352,0.875,0.7,0.043
154,2014,NBA,2,35,UTA,Jarnell Stokes,20.175,F-C,us,University of Tennessee,2015,2017,28,5.4,2.4,1.4,0.3,0.3,0.2,0.581,0.581,,0.531,0.6,0.202
155,2015,NBA,1,29,BRK,Chris McCullough,20.145,F,us,Syracuse University,2016,2018,59,9,3.3,1.9,0.3,0.5,0.3,0.426,0.47,0.306,0.548,0.6,0.054
156,2015,NBA,2,48,OKC,Dakari Johnson,19.281,C,us,University of Kentucky,2018,2018,31,5.2,1.8,1.1,0.3,0.2,0.3,0.564,0.564,,0.55,0.6,0.178
157,2016,NBA,1,16,BOS,Guerschon Yabusele,20.194,F,fr,,2018,2018,33,7.1,2.4,1.6,0.5,0.1,0.2,0.426,0.583,0.324,0.682,0.6,0.122
158,2017,NBA,1,10,SAC,Zach Collins,19.22,C-F,us,Gonzaga University,2018,2018,66,15.8,4.4,3.3,0.8,0.3,0.5,0.398,0.455,0.31,0.643,0.6,0.03
159,2017,NBA,2,44,NYK,Damyean Dotson,23.053,G,us,University of Oregon,2018,2018,44,10.8,4.1,1.9,0.7,0.3,0,0.447,0.538,0.324,0.696,0.6,0.06
160,2013,NBA,1,1,CLE,Anthony Bennett,20.11,F,ca,University of Nevada Las Vegas,2014,2017,151,12.6,4.4,3.1,0.5,0.4,0.2,0.392,0.427,0.261,0.67,0.5,0.013
161,2014,NBA,2,58,SAS,Jordan McRae,23.096,G,us,University of Tennessee,2016,2017,59,9.8,4.4,1,0.7,0.2,0.1,0.404,0.413,0.384,0.774,0.5,0.043
162,2015,NBA,2,33,BOS,Jordan Mickey,20.356,F,us,Louisiana State University,2016,2018,64,7.5,2.4,2,0.3,0.1,0.4,0.449,0.496,0.118,0.605,0.5,0.05
163,2015,NBA,2,36,MIN,Rakeem Christmas,23.212,F,us,Syracuse University,2016,2017,30,7.5,2.1,1.9,0.1,0.1,0.2,0.467,0.467,,0.724,0.5,0.105
164,2016,NBA,1,19,DEN,Malik Beasley,19.214,G,us,Florida State University,2017,2018,84,8.9,3.3,1,0.5,0.3,0.1,0.422,0.489,0.336,0.698,0.5,0.034
165,2016,NBA,2,34,PHO,Tyler Ulis,20.175,G,us,University of Kentucky,2017,2018,132,21.1,7.6,1.7,4.1,0.9,0.1,0.403,0.439,0.28,0.808,0.5,0.008
166,2017,NBA,1,29,SAS,Derrick White,22.361,G,us,University of Colorado,2018,2018,17,8.2,3.2,1.5,0.5,0.2,0.2,0.485,0.4,0.615,0.7,0.5,0.17
167,2017,NBA,2,34,SAC,Frank Mason,23.086,G,us,University of Kansas,2018,2018,52,18.9,7.9,2.5,2.8,0.7,0.2,0.379,0.384,0.36,0.817,0.5,0.027
168,2014,NBA,1,22,MEM,Jordan Adams,19.358,G,us,University of California Los Angeles,2015,2016,32,8.2,3.2,0.9,0.6,0.6,0.2,0.402,0.409,0.385,0.607,0.4,0.07
169,2015,NBA,2,43,IND,Joseph Young,23.003,G,us,University of Oregon,2016,2018,127,8.5,3.4,1,0.9,0.3,0,0.393,0.438,0.296,0.768,0.4,0.016
170,2016,NBA,1,13,PHO,Georgios Papagiannis,18.36,C,gr,,2017,2018,39,12.2,4.1,3.2,0.7,0.2,0.6,0.514,0.521,0,0.857,0.4,0.044
171,2017,NBA,2,41,ATL,Tyler Dorsey,21.134,G,us,University of Oregon,2018,2018,56,17.4,7.2,2.3,1.4,0.3,0.1,0.377,0.393,0.362,0.714,0.4,0.02
172,2015,NBA,1,28,BOS,R.J. Hunter,21.249,G,us,Georgia State University,2016,2018,44,8.4,2.6,1,0.4,0.4,0.1,0.361,0.512,0.282,0.889,0.3,0.039
173,2015,NBA,2,38,DET,Darrun Hilliard,22.078,G,us,Villanova University,2016,2018,91,9.4,3.2,0.9,0.8,0.2,0,0.377,0.42,0.304,0.747,0.3,0.016
174,2016,NBA,2,52,UTA,Joel Bolomboy,22.152,F,ua,Weber State University,2017,2018,18,5.1,1.7,1.5,0.1,0.2,0.1,0.545,0.647,0.2,0.5,0.3,0.132
175,2017,NBA,2,54,PHO,Alec Peters,22.076,F,us,Valparaiso University,2018,2018,20,11.3,4.1,1.9,0.6,0.1,0.1,0.378,0.625,0.31,0.8,0.3,0.055
176,2013,NBA,2,37,DET,Tony Mitchell,21.086,F,us,University of North Texas,2014,2014,21,3.8,1,1.2,0.1,0.3,0.1,0.417,0.364,1,0.579,0.2,0.151
177,2014,NBA,2,36,MIL,Johnny O'Bryant III,21.03,F-C,us,Louisiana State University,2015,2018,147,11.5,3.5,2.4,0.5,0.2,0.1,0.402,0.406,0.36,0.663,0.2,0.006
178,2014,NBA,2,43,ATL,Walter Tavares,22.101,C,cv,,2016,2017,13,7.8,2.5,2.5,0.3,0.1,0.9,0.625,0.625,,0.273,0.2,0.118
179,2017,NBA,1,1,PHI,Markelle Fultz,19.029,G,us,University of Washington,2018,2018,14,18.1,7.1,3.1,3.8,0.9,0.3,0.405,0.409,0,0.476,0.2,0.043
180,2017,NBA,1,6,ORL,Jonathan Isaac,19.267,F,us,Florida State University,2018,2018,27,19.9,5.4,3.7,0.7,1.2,1.1,0.379,0.394,0.348,0.76,0.2,0.021
181,2017,NBA,2,51,DEN,Monte Morris,22.001,G,us,Iowa State University,2018,2018,3,8.3,3.3,0.7,2.3,1,0,0.667,0.8,0,1,0.2,0.312
182,2017,NBA,2,56,BOS,Jabari Bird,22.36,G,us,University of California,2018,2018,13,8.8,3,1.5,0.6,0.2,0.1,0.577,0.632,0.429,0.462,0.2,0.098
183,2013,NBA,2,46,UTA,Erick Green,22.055,G,us,Virginia Polytechnic Institute and State University,2015,2016,52,8.7,3.1,0.7,0.8,0.3,0,0.377,0.415,0.288,0.857,0.1,0.011
184,2014,NBA,1,28,LAC,C.J. Wilcox,23.184,G,us,University of Washington,2015,2017,66,5.7,2,0.5,0.5,0.2,0.1,0.37,0.397,0.333,0.813,0.1,0.007
185,2014,NBA,2,48,MIL,Lamar Patterson,22.324,G-F,us,University of Pittsburgh,2016,2017,40,10.9,2.3,1.4,1.1,0.3,0.1,0.326,0.45,0.236,0.72,0.1,0.006
186,2014,NBA,2,55,MIA,Semaj Christon,21.242,G,us,Xavier University,2017,2017,64,15.2,2.9,1.4,2,0.4,0.1,0.345,0.406,0.19,0.548,0.1,0.006
187,2016,NBA,1,25,LAC,Brice Johnson,22.002,F,us,University of North Carolina,2017,2018,21,5.1,2.2,1.6,0.1,0.5,0.3,0.449,0.458,0,0.6,0.1,0.062
188,2016,NBA,1,30,GSW,Damian Jones,20.364,F-C,us,Vanderbilt University,2017,2018,25,7,1.8,1.5,0.1,0.1,0.3,0.5,0.5,,0.4,0.1,0.025
189,2016,NBA,2,37,HOU,Chinanu Onuaku,19.239,F-C,us,University of Louisville,2017,2018,6,12.3,3,2.3,0.7,0.5,0.2,0.583,0.583,,1,0.1,0.043
190,2016,NBA,2,45,BOS,Demetrius Jackson,21.295,G,us,University of Notre Dame,2017,2018,20,4.9,1.3,0.8,0.6,0.3,0.1,0.455,0.571,0.25,0.5,0.1,0.029
191,2016,NBA,2,56,DEN,Daniel Hamilton,20.325,G-F,us,University of Connecticut,2018,2018,6,4.7,2,0.8,1.3,0.2,0,0.455,0.5,0.4,,0.1,0.169
192,2017,NBA,1,17,MIL,D.J. Wilson,21.129,F,us,University of Michigan,2018,2018,22,3.2,1,0.5,0.1,0.1,0,0.563,0.636,0.4,0.5,0.1,0.054
193,2017,NBA,2,42,UTA,Thomas Bryant,19.331,C,us,Indiana University,2018,2018,15,4.8,1.5,1.1,0.4,0.1,0.1,0.381,0.636,0.1,0.556,0.1,0.05
194,2017,NBA,2,47,IND,Ike Anigbogu,18.248,F-C,us,University of California Los Angeles,2018,2018,11,2.7,1.2,0.8,0,0.1,0.3,0.444,0.444,,0.833,0.1,0.165
195,2013,NBA,2,33,CLE,Carrick Felix,22.32,G,us,Arizona State University,2014,2014,7,5.4,2.7,0.9,0.6,0,0,0.5,0.556,0.4,0.75,0,0.057
196,2013,NBA,2,41,MEM,Jamaal Franklin,21.347,G,us,San Diego State University,2014,2015,24,7.3,1.8,1,0.4,0.2,0.1,0.415,0.393,0.462,1,0,-0.006
197,2013,NBA,2,42,PHI,Pierre Jackson,21.308,G,us,Baylor University,2017,2017,8,10.5,4.4,1.1,2.4,0.3,0,0.333,0.357,0.273,0.857,0,0.021
198,2014,NBA,2,51,NYK,Thanasis Antetokounmpo,21.349,F,gr,,2016,2016,2,3,3,0.5,0,0,0,0.75,1,0,,0,0.291
199,2015,NBA,2,56,NOP,Branden Dawson,22.149,F,us,Michigan State University,2016,2016,6,4.8,0.8,0.7,0,0,0.2,0.4,0.4,,1,0,0.069
200,2016,NBA,1,17,MEM,Wade Baldwin,20.091,G,us,Vanderbilt University,2017,2018,40,12.1,3.6,1.4,1.7,0.5,0.2,0.368,0.394,0.259,0.787,0,-0.004
201,2016,NBA,1,22,CHO,Malachi Richardson,20.175,G,us,Syracuse University,2017,2018,48,10.9,3.5,1.2,0.5,0.3,0,0.367,0.422,0.294,0.78,0,0.001
202,2016,NBA,1,26,PHI,Furkan Korkmaz,18.339,G,tr,,2018,2018,14,5.7,1.6,0.8,0.3,0.1,0.1,0.286,0.273,0.294,0.5,0,-0.006
203,2016,NBA,2,41,ORL,Stephen Zimmerman,19.292,C,us,University of Nevada Las Vegas,2017,2017,19,5.7,1.2,1.8,0.2,0.1,0.3,0.323,0.323,,0.6,0,-0.005
204,2016,NBA,2,46,DAL,A.J. Hammons,23.306,C,us,Purdue University,2017,2017,22,7.4,2.2,1.6,0.2,0,0.6,0.405,0.375,0.5,0.45,0,-0.001
205,2016,NBA,2,55,BRK,Marcus Paige,22.291,G,us,University of North Carolina,2018,2018,5,5.6,2.4,0.8,0.6,0,0,0.286,0.333,0.25,1,0,-0.006
206,2017,NBA,1,11,CHO,Malik Monk,19.143,G,us,University of Kentucky,2018,2018,63,13.6,6.7,1,1.4,0.3,0.1,0.36,0.385,0.342,0.842,0,0.001
207,2017,NBA,1,16,CHI,Justin Patton,20.013,C,us,Creighton University,2018,2018,1,4,2,0,0,1,0,0.5,0.5,,,0,0.151
208,2017,NBA,1,24,UTA,Tyler Lydon,21.079,F,us,Syracuse University,2018,2018,1,2,0,0,0,0,0,,,,,0,-0.014
209,2017,NBA,1,26,POR,Caleb Swanigan,20.07,F,us,Purdue University,2018,2018,27,7,2.3,2,0.5,0.2,0.1,0.4,0.442,0.125,0.667,0,-0.003
210,2017,NBA,1,28,LAL,Tony Bradley,19.17,F-C,us,University of North Carolina,2018,2018,9,3.2,0.9,1.2,0.1,0,0,0.273,0.3,0,1,0,0.033
211,2017,NBA,2,52,NOP,Edmond Sumner,21.179,G,us,Xavier University,2018,2018,1,2,2,1,0,0,0,1,1,,,0,0.425
212,2013,NBA,2,40,POR,Grant Jerrett,19.359,F,us,University of Arizona,2015,2015,8,6.4,2,1.1,0.4,0.3,0.3,0.269,0.545,0.067,1,-0.1,-0.128
213,2013,NBA,2,49,CHI,Erik Murphy,22.25,F,fr,University of Florida,2014,2014,24,2.6,0.3,0.3,0.1,0,0.2,0.231,0.3,0,,-0.1,-0.055
214,2013,NBA,2,52,MIN,Lorenzo Brown,22.311,G,us,North Carolina State University,2014,2018,77,12.6,3.1,1.6,2,0.6,0.1,0.375,0.466,0.154,0.684,-0.1,-0.003
215,2014,NBA,2,31,MIL,Damien Inglis,19.042,F,gf,,2016,2016,20,7.8,1.8,1.6,0.5,0.3,0.2,0.351,0.417,0.231,0.875,-0.1,-0.024
216,2014,NBA,2,42,HOU,Nick Johnson,21.191,G,us,University of Arizona,2015,2015,28,9.4,2.6,1.4,0.4,0.3,0.1,0.347,0.389,0.238,0.68,-0.1,-0.02
217,2014,NBA,2,49,CHI,Cameron Bairstow,23.207,F-C,au,University of New Mexico,2015,2016,36,4.6,1.2,1,0.2,0.1,0.1,0.296,0.306,0.2,0.846,-0.1,-0.021
218,2016,NBA,1,18,DET,Henry Ellenson,19.166,F,us,Marquette University,2017,2018,57,8.3,3.7,2.1,0.5,0.1,0,0.362,0.4,0.316,0.784,-0.1,-0.008
219,2016,NBA,1,21,ATL,DeAndre Bembry,21.36,F,us,Saint Joseph's University,2017,2018,64,12.9,3.7,2,1.2,0.5,0.3,0.442,0.494,0.25,0.51,-0.1,-0.005
220,2016,NBA,2,40,NOP,Diamond Stone,19.138,C,us,University of Maryland,2017,2017,7,3.4,1.4,0.9,0,0,0.1,0.231,0.231,,1,-0.1,-0.211
221,2016,NBA,2,48,CHI,Paul Zipser,22.131,G-F,de,,2017,2018,98,17,4.7,2.6,0.8,0.4,0.3,0.371,0.402,0.335,0.758,-0.1,-0.002
222,2016,NBA,2,49,DET,Michael Gbinije,24.024,G,us,Syracuse University,2017,2017,9,3.6,0.4,0.3,0.2,0,0,0.1,0.167,0,1,-0.1,-0.136
223,2016,NBA,2,51,BOS,Ben Bentil,21.092,F,gh,Providence College,2017,2017,3,3.3,0,0.7,0,0,0,0,0,0,,-0.1,-0.473
224,2016,NBA,2,58,BOS,Abdel Nader,22.277,F,eg,Iowa State University,2018,2018,48,10.9,3,1.5,0.5,0.3,0.2,0.336,0.321,0.354,0.59,-0.1,-0.014
225,2017,NBA,2,40,NOP,Dwayne Bacon,21.302,G,us,Florida State University,2018,2018,53,13.5,3.3,2.3,0.7,0.3,0,0.375,0.409,0.256,0.8,-0.1,-0.007
226,2017,NBA,2,53,BOS,Kadeem Allen,24.164,G,us,University of Arizona,2018,2018,18,5.9,1.1,0.6,0.7,0.2,0.1,0.273,0.545,0,0.778,-0.1,-0.039
227,2013,NBA,2,35,PHI,Glen Rice,22.183,G,us,Georgia Institute of Technology,2014,2015,16,9.5,2.7,1.5,0.6,0.4,0.1,0.269,0.286,0.25,0.692,-0.2,-0.065
228,2013,NBA,2,56,DET,Peyton Siva,22.252,G,us,University of Louisville,2014,2014,24,9.3,2.3,0.6,1.4,0.4,0,0.316,0.344,0.28,0.733,-0.2,-0.032
229,2014,NBA,2,47,PHI,Russ Smith,23.074,G,us,University of Louisville,2015,2016,27,4.9,2,0.6,0.7,0.3,0,0.319,0.387,0.188,0.769,-0.2,-0.068
230,2015,NBA,2,34,LAL,Anthony Brown,22.263,F-G,us,Stanford University,2016,2018,41,18.6,3.9,2.5,0.7,0.5,0.1,0.328,0.38,0.286,0.85,-0.2,-0.016
231,2017,NBA,2,39,PHI,Jawun Evans,20.336,G,us,Oklahoma State University,2018,2018,48,16.2,4.8,1.8,2.1,0.8,0.1,0.352,0.372,0.278,0.776,-0.2,-0.011
232,2014,NBA,2,56,DEN,Roy Devyn Marble,21.283,G-F,us,University of Iowa,2015,2016,44,10.4,2.2,1.6,0.7,0.5,0.1,0.304,0.377,0.222,0.375,-0.3,-0.028
233,2016,NBA,1,4,PHO,Dragan Bender,18.223,F,ba,,2017,2018,125,21.1,5.4,3.7,1.2,0.3,0.6,0.378,0.441,0.345,0.694,-0.3,-0.005
234,2016,NBA,2,43,HOU,Zhou Qi,20.164,F-C,cn,,2018,2018,18,6.9,1.2,1.2,0.1,0.1,0.8,0.188,0.308,0.105,0.667,-0.3,-0.104
235,2016,NBA,2,47,ORL,Jake Layman,22.114,F,us,University of Maryland,2017,2018,70,5.8,1.6,0.6,0.3,0.2,0.1,0.294,0.354,0.239,0.75,-0.3,-0.041
236,2016,NBA,2,50,IND,Georges Niang,23.012,F,us,Iowa State University,2017,2018,32,3.9,0.9,0.8,0.3,0.2,0,0.277,0.387,0.063,0.75,-0.3,-0.132
237,2017,NBA,2,32,PHO,Davon Reed,22.017,G,us,University of Miami,2018,2018,21,11.5,3,1.9,0.6,0.5,0.1,0.289,0.289,0.289,0.667,-0.3,-0.059
238,2013,NBA,1,30,PHO,Nemanja Nedovic,22.017,G,rs,,2014,2014,24,5.9,1.1,0.6,0.5,0,0,0.205,0.238,0.167,0.875,-0.4,-0.132
239,2014,NBA,1,20,TOR,Bruno Caboclo,18.283,F,br,,2015,2018,35,6.1,1.5,1,0.3,0.2,0.2,0.282,0.316,0.242,0.833,-0.4,-0.08
240,2016,NBA,2,54,ATL,Kay Felder,21.092,G,us,Oakland University,2017,2018,58,9.1,3.8,1,1.3,0.4,0.1,0.364,0.385,0.268,0.754,-0.4,-0.041
241,2013,NBA,2,43,MIL,Ricky Ledo,20.295,G,us,Providence College,2014,2015,28,9.9,3.9,1.4,0.8,0.3,0,0.336,0.321,0.371,0.769,-0.6,-0.096
242,2014,NBA,1,15,ATL,Adreian Payne,23.133,F-C,us,Michigan State University,2015,2018,107,13.1,4,2.9,0.6,0.4,0.3,0.406,0.43,0.254,0.68,-0.6,-0.019
243,2014,NBA,2,34,NYK,Cleanthony Early,23.076,F,us,Wichita State University,2015,2016,56,14.3,4.3,2.2,0.8,0.5,0.3,0.346,0.4,0.263,0.75,-0.6,-0.039
244,2015,NBA,1,17,MIL,Rashad Vaughn,18.317,G,us,University of Nevada Las Vegas,2016,2018,139,12,3,1.1,0.5,0.4,0.2,0.337,0.366,0.313,0.692,-0.6,-0.017
245,2017,NBA,1,5,SAC,De'Aaron Fox,19.189,G,us,University of Kentucky,2018,2018,73,27.8,11.6,2.8,4.4,1,0.3,0.412,0.436,0.307,0.723,-0.6,-0.014
246,2017,NBA,1,4,PHO,Josh Jackson,20.137,F-G,us,University of Kansas,2018,2018,77,25.4,13.1,4.6,1.5,1,0.5,0.417,0.464,0.263,0.634,-0.7,-0.018
247,2017,NBA,1,9,DAL,Dennis Smith,19.214,G,us,North Carolina State University,2018,2018,69,29.7,15.2,3.8,5.2,1,0.3,0.395,0.436,0.313,0.694,-0.7,-0.017
248,2016,NBA,2,42,UTA,Isaiah Whitehead,21.113,G,us,Seton Hall University,2017,2018,89,20.5,7.2,2.4,2.4,0.6,0.4,0.411,0.452,0.305,0.788,-0.9,-0.025
249,2017,NBA,1,8,NYK,Frank Ntilikina,18.334,G,be,,2018,2018,78,21.9,5.9,2.3,3.2,0.8,0.2,0.364,0.385,0.318,0.721,-0.9,-0.026
250,2015,NBA,1,7,DEN,Emmanuel Mudiay,19.116,G,cd,,2016,2018,187,25.2,10.8,3,4.3,0.8,0.3,0.374,0.396,0.317,0.731,-2,-0.02
251,2013,NBA,1,28,SAS,Livio Jean-Charles,19.236,F,gf,,,,,,,,,,,,,,,,
252,2013,NBA,2,45,POR,Marko Todorovic,21.074,F,me,,,,,,,,,,,,,,,,
253,2013,NBA,2,51,ORL,Romero Osby,,,,University of Oklahoma,,,,,,,,,,,,,,,
254,2013,NBA,2,53,IND,Colton Iverson,24.004,C,us,Colorado State University,,,,,,,,,,,,,,,
255,2013,NBA,2,54,WAS,Arsalan Kazemi,23.072,F,ir,University of Oregon,,,,,,,,,,,,,,,
256,2013,NBA,2,57,PHO,Alex Oriakhi,23.012,F,us,University of Missouri,,,,,,,,,,,,,,,
257,2013,NBA,2,58,SAS,Deshaun Thomas,21.308,F,us,Ohio State University,,,,,,,,,,,,,,,
258,2013,NBA,2,59,MIN,Bojan Dubljevic,21.252,F-C,me,,,,,,,,,,,,,,,,
259,2013,NBA,2,60,MEM,Janis Timma,21,F,lv,,,,,,,,,,,,,,,,
260,2014,NBA,2,37,TOR,DeAndre Daniels,22.077,F,us,University of Connecticut,,,,,,,,,,,,,,,
261,2014,NBA,2,50,PHO,Alec Brown,21.343,F-C,us,University of Wisconsin-Green Bay,,,,,,,,,,,,,,,
262,2014,NBA,2,52,PHI,Vasilije Micic,20.169,G,rs,,,,,,,,,,,,,,,,
263,2014,NBA,2,53,MIN,Alessandro Gentile,21.231,F,it,,,,,,,,,,,,,,,,
264,2014,NBA,2,54,PHI,Nemanja Dangubic,21.079,G,rs,,,,,,,,,,,,,,,,
265,2014,NBA,2,57,IND,Louis Labeyrie,22.141,F,fr,,,,,,,,,,,,,,,,
266,2014,NBA,2,59,TOR,Xavier Thames,23.164,G,us,San Diego State University,,,,,,,,,,,,,,,
267,2015,NBA,1,26,SAS,Nikola Milutinov,20.182,C,rs,,,,,,,,,,,,,,,,
268,2015,NBA,2,39,CHO,Juan Pablo Vaulet,19.099,F,ar,,,,,,,,,,,,,,,,
269,2015,NBA,2,42,UTA,Olivier Hanlan,22.135,G,ca,Boston College,,,,,,,,,,,,,,,
270,2015,NBA,2,45,BOS,Marcus Thornton,22.141,G,us,College of William & Mary,,,,,,,,,,,,,,,
271,2015,NBA,2,47,PHI,Arturas Gudaitis,22.011,C,lt,,,,,,,,,,,,,,,,
272,2015,NBA,2,49,WAS,Aaron White,22.293,F,us,University of Iowa,,,,,,,,,,,,,,,
273,2015,NBA,2,50,ATL,Marcus Eriksson,21.207,G,se,,,,,,,,,,,,,,,,
274,2015,NBA,2,51,ORL,Tyler Harvey,21.348,G,us,Eastern Washington University,,,,,,,,,,,,,,,
275,2015,NBA,2,52,DAL,Satnam Singh,19.202,C,in,,,,,,,,,,,,,,,,
276,2015,NBA,2,53,CLE,Sir'Dominic Pointer,23.055,G-F,us,St. John's University,,,,,,,,,,,,,,,
277,2015,NBA,2,54,UTA,Dani Diez,22.084,F,es,,,,,,,,,,,,,,,,
278,2015,NBA,2,55,SAS,Cady Lalanne,23.069,C,ht,University of Massachusetts Amherst,,,,,,,,,,,,,,,
279,2015,NBA,2,57,DEN,Nikola Radicevic,21.066,G,rs,,,,,,,,,,,,,,,,
280,2015,NBA,2,58,PHI,J.P. Tokoto,21.288,G-F,us,University of North Carolina,,,,,,,,,,,,,,,
281,2015,NBA,2,59,ATL,Dimitrios Agravanis,20.192,F-C,gr,,,,,,,,,,,,,,,,
282,2015,NBA,2,60,PHI,Luka Mitrovic,22.101,F,rs,,,,,,,,,,,,,,,,
283,2016,NBA,2,35,BOS,Rade Zagorac,20.321,G-F,rs,,,,,,,,,,,,,,,,
284,2016,NBA,2,39,NOP,David Michineau,22.023,G,gp,,,,,,,,,,,,,,,,
285,2016,NBA,2,44,ATL,Isaia Cordinier,19.212,G,fr,,,,,,,,,,,,,,,,
286,2016,NBA,2,53,DEN,Petr Cornelie,20.338,F,fr,,,,,,,,,,,,,,,,
287,2016,NBA,2,57,MEM,Wang Zhelin,22.16,C,cn,,,,,,,,,,,,,,,,
288,2016,NBA,2,59,SAC,Isaiah Cousins,22.108,G,us,University of Oklahoma,,,,,,,,,,,,,,,
289,2017,NBA,1,20,POR,Harry Giles,19.066,F-C,us,Duke University,,,,,,,,,,,,,,,
290,2017,NBA,1,25,ORL,Anzejs Pasecniks,21.19,C,lv,,,,,,,,,,,,,,,,
291,2017,NBA,2,31,CHO,Frank Jackson,19.054,G,us,Duke University,,,,,,,,,,,,,,,
292,2017,NBA,2,36,PHI,Jonah Bolden,21.177,F,au,,,,,,,,,,,,,,,,
293,2017,NBA,2,43,HOU,Isaiah Hartenstein,19.05,F,us,,,,,,,,,,,,,,,,
294,2017,NBA,2,49,DEN,Vlatko Cancar,20.078,F,si,,,,,,,,,,,,,,,,
295,2017,NBA,2,50,PHI,Mathias Lessort,21.272,F,mq,,,,,,,,,,,,,,,,
296,2017,NBA,2,55,UTA,Nigel Williams-Goss,22.285,G,us,Gonzaga University,,,,,,,,,,,,,,,
297,2017,NBA,2,57,BRK,Aleksandar Vezenkov,21.326,F,cy,,,,,,,,,,,,,,,,
298,2017,NBA,2,58,NYK,Ognjen Jaramaz,21.3,G,yu,,,,,,,,,,,,,,,,
299,2017,NBA,2,59,SAS,Jaron Blossomgame,23.285,F,us,Clemson University,,,,,,,,,,,,,,,
300,2017,NBA,2,60,ATL,Alpha Kaba,21.15,F,fr,,,,,,,,,,,,,,,,
301,2018,NBA,1,1,PHO,Deandre Ayton,19.338,F-C,bs,University of Arizona,,,,,,,,,,,,,,,
302,2018,NBA,1,2,SAC,Marvin Bagley,19.104,F,us,Duke University,,,,,,,,,,,,,,,
303,2018,NBA,1,3,ATL,Luka Doncic,19.118,G-F,si,,,,,,,,,,,,,,,,
304,2018,NBA,1,4,MEM,Jaren Jackson,18.284,F,us,Michigan State University,,,,,,,,,,,,,,,
305,2018,NBA,1,5,DAL,Trae Young,19.28,G,us,University of Oklahoma,,,,,,,,,,,,,,,
306,2018,NBA,1,6,ORL,Mohamed Bamba,20.045,C,us,University of Texas at Austin,,,,,,,,,,,,,,,
307,2018,NBA,1,7,CHI,Wendell Carter,19.071,F,us,Duke University,,,,,,,,,,,,,,,
308,2018,NBA,1,8,CLE,Collin Sexton,19.173,G,us,University of Alabama,,,,,,,,,,,,,,,
309,2018,NBA,1,9,NYK,Kevin Knox,18.319,F,us,University of Kentucky,,,,,,,,,,,,,,,
310,2018,NBA,1,10,PHI,Mikal Bridges,21.3,G,us,Villanova University,,,,,,,,,,,,,,,
311,2018,NBA,1,11,CHO,Shai Gilgeous-Alexander,19.349,G,ca,University of Kentucky,,,,,,,,,,,,,,,
312,2018,NBA,1,12,LAC,Miles Bridges,20.097,G-F,us,Michigan State University,,,,,,,,,,,,,,,
313,2018,NBA,1,13,LAC,Jerome Robinson,21.124,G,us,Boston College,,,,,,,,,,,,,,,
314,2018,NBA,1,14,DEN,Michael Porter,19.362,F,us,University of Missouri,,,,,,,,,,,,,,,
315,2018,NBA,1,15,WAS,Troy Brown,18.333,G-F,us,University of Oregon,,,,,,,,,,,,,,,
316,2018,NBA,1,16,PHO,Zhaire Smith,19.022,G,us,Texas Tech University,,,,,,,,,,,,,,,
317,2018,NBA,1,17,MIL,Donte DiVincenzo,21.146,G,us,Villanova University,,,,,,,,,,,,,,,
318,2018,NBA,1,18,SAS,Lonnie Walker,19.194,G,us,University of Miami,,,,,,,,,,,,,,,
319,2018,NBA,1,19,ATL,Kevin Huerter,19.303,G,us,University of Maryland,,,,,,,,,,,,,,,
320,2018,NBA,1,20,MIN,Josh Okogie,19.298,G,ng,Georgia Institute of Technology,,,,,,,,,,,,,,,
321,2018,NBA,1,21,UTA,Grayson Allen,22.262,G,us,Duke University,,,,,,,,,,,,,,,
322,2018,NBA,1,22,CHI,Chandler Hutchison,22.061,G,us,Boise State University,,,,,,,,,,,,,,,
323,2018,NBA,1,23,IND,Aaron Holiday,21.269,G,us,University of California Los Angeles,,,,,,,,,,,,,,,
324,2018,NBA,1,24,POR,Anfernee Simons,19.018,G,us,,,,,,,,,,,,,,,,
325,2018,NBA,1,25,LAL,Moritz Wagner,21.061,F-C,de,University of Michigan,,,,,,,,,,,,,,,
326,2018,NBA,1,26,PHI,Landry Shamet,21.105,G,us,Wichita State University,,,,,,,,,,,,,,,
327,2018,NBA,1,27,BOS,Robert Williams,20.252,F,us,Texas A&M University,,,,,,,,,,,,,,,
328,2018,NBA,1,28,GSW,Jacob Evans,21.008,G-F,us,University of Cincinnati,,,,,,,,,,,,,,,
329,2018,NBA,1,29,BRK,Dzanan Musa,19.049,G-F,ba,,,,,,,,,,,,,,,,
330,2018,NBA,1,30,ATL,Omari Spellman,20.34,F,us,Villanova University,,,,,,,,,,,,,,,
331,2018,NBA,2,31,PHO,Elie Okobo,20.246,G,fr,,,,,,,,,,,,,,,,
332,2018,NBA,2,32,MEM,Jevon Carter,22.286,G,us,West Virginia University,,,,,,,,,,,,,,,
333,2018,NBA,2,33,DAL,Jalen Brunson,21.299,G,us,Villanova University,,,,,,,,,,,,,,,
334,2018,NBA,2,34,ATL,Devonte' Graham,23.125,G,us,University of Kansas,,,,,,,,,,,,,,,
335,2018,NBA,2,35,ORL,Melvin Frazier,21.3,G,us,Tulane University,,,,,,,,,,,,,,,
336,2018,NBA,2,36,NYK,Mitchell Robinson,20.086,C,us,,,,,,,,,,,,,,,,
337,2018,NBA,2,37,SAC,Gary Trent,19.159,G,us,Duke University,,,,,,,,,,,,,,,
338,2018,NBA,2,38,PHI,Khyri Thomas,22.049,G,us,Creighton University,,,,,,,,,,,,,,,
339,2018,NBA,2,39,PHI,Isaac Bonga,18.23,G,de,,,,,,,,,,,,,,,,
340,2018,NBA,2,40,BRK,Rodions Kurucs,20.141,F,lv,,,,,,,,,,,,,,,,
341,2018,NBA,2,41,ORL,Jarred Vanderbilt,19.084,F,us,University of Kentucky,,,,,,,,,,,,,,,
342,2018,NBA,2,42,DET,Bruce Brown,21.315,G,us,University of Miami,,,,,,,,,,,,,,,
343,2018,NBA,2,43,DEN,Justin Jackson,21.128,F,ca,University of Maryland,,,,,,,,,,,,,,,
344,2018,NBA,2,44,WAS,Issuf Sanon,18.239,G,ua,,,,,,,,,,,,,,,,
345,2018,NBA,2,45,BRK,Hamidou Diallo,19.33,G,us,University of Kentucky,,,,,,,,,,,,,,,
346,2018,NBA,2,46,HOU,De'Anthony Melton,20.029,G,us,University of Southern California,,,,,,,,,,,,,,,
347,2018,NBA,2,47,LAL,Sviatoslav Mykhailiuk,21.016,G-F,ua,University of Kansas,,,,,,,,,,,,,,,
348,2018,NBA,2,48,MIN,Keita Bates-Diop,22.155,F,us,Ohio State University,,,,,,,,,,,,,,,
349,2018,NBA,2,49,SAS,Chimezie Metu,21.096,F,us,University of Southern California,,,,,,,,,,,,,,,
350,2018,NBA,2,50,IND,Alize Johnson,22.065,F,us,Missouri State,,,,,,,,,,,,,,,
351,2018,NBA,2,51,NOP,Tony Carr,20.258,G,us,Pennsylvania State University,,,,,,,,,,,,,,,
352,2018,NBA,2,52,UTA,Vince Edwards,22.082,F,us,Purdue University,,,,,,,,,,,,,,,
353,2018,NBA,2,53,OKC,Devon Hall,22.355,G,us,University of Virginia,,,,,,,,,,,,,,,
354,2018,NBA,2,54,DAL,Shake Milton,21.273,G,us,Southern Methodist University,,,,,,,,,,,,,,,
355,2018,NBA,2,55,CHO,Arnoldas Kulboka,20.173,F,lt,,,,,,,,,,,,,,,,
356,2018,NBA,2,56,PHI,Ray Spalding,21.107,F,us,University of Louisville,,,,,,,,,,,,,,,
357,2018,NBA,2,57,OKC,Kevin Hervey,21.352,F,us,University of Texas at Arlington,,,,,,,,,,,,,,,
358,2018,NBA,2,58,DEN,Thomas Welsh,22.144,C,us,University of California Los Angeles,,,,,,,,,,,,,,,
359,2018,NBA,2,59,PHO,George King,24.163,G-F,us,University of Colorado,,,,,,,,,,,,,,,
360,2018,NBA,2,60,PHI,Kostas Antetokounmpo,20.218,F,gr,University of Dayton,,,,,,,,,,,,,,,